GHO (CODE),GHO (DISPLAY),GHO (URL),YEAR (DISPLAY),STARTYEAR,ENDYEAR,REGION (CODE),REGION (DISPLAY),COUNTRY (CODE),COUNTRY (DISPLAY),DIMENSION (TYPE),DIMENSION (CODE),DIMENSION (NAME),Numeric,Value,Low,High
MDG_0000000020,Incidence of tuberculosis (per 100 000 population per year),https://www.who.int/data/gho/data/indicators/indicator-details/GHO/incidence-of-tuberculosis-%28per-100-000-population-per-year%29,2003,2003,2003,SEAR,South-East Asia,BGD,Bangladesh,,,,221.0,221 [161-291],161.0,291.0
TB_c_newinc,Tuberculosis - new and relapse cases,https://www.who.int/data/gho/data/indicators/indicator-details/GHO/tuberculosis---new-and-relapse-cases,2019,2019,2019,SEAR,South-East Asia,BGD,Bangladesh,,,,291595.0,291 595,,
TB_c_mdr_tx,Cases started on MDR-TB treatment,https://www.who.int/data/gho/data/indicators/indicator-details/GHO/cases-started-on-mdr-tb-treatment,2015,2015,2015,SEAR,South-East Asia,BGD,Bangladesh,,,,880.0,880,,
TB_c_new_tsr,Treatment success rate: new TB cases,https://www.who.int/data/gho/data/indicators/indicator-details/GHO/treatment-success-rate-new-tb-cases,2020,2020,2020,SEAR,South-East Asia,BGD,Bangladesh,,,,95.0,95,,
TB_c_new_tsr,Treatment success rate: new TB cases,https://www.who.int/data/gho/data/indicators/indicator-details/GHO/treatment-success-rate-new-tb-cases,2009,2009,2009,SEAR,South-East Asia,BGD,Bangladesh,,,,91.0,91,,
TB_hivtest_pct,TB patients with known HIV status (%),https://www.who.int/data/gho/data/indicators/indicator-details/GHO/tb-patients-with-known-hiv-status-%28-%29,2022,2022,2022,SEAR,South-East Asia,BGD,Bangladesh,,,,27.0,27,,
TB_c_dst_rlt_new_pct,New cases tested for RR-/MDR-TB (%),https://www.who.int/data/gho/data/indicators/indicator-details/GHO/new-cases-tested-for-rr--mdr-tb-%28-%29,2023,2023,2023,SEAR,South-East Asia,BGD,Bangladesh,,,,65.0,65,,
TB_hivtest_pct,TB patients with known HIV status (%),https://www.who.int/data/gho/data/indicators/indicator-details/GHO/tb-patients-with-known-hiv-status-%28-%29,2020,2020,2020,SEAR,South-East Asia,BGD,Bangladesh,,,,2.8,2.8,,
TB_c_newinc,Tuberculosis - new and relapse cases,https://www.who.int/data/gho/data/indicators/indicator-details/GHO/tuberculosis---new-and-relapse-cases,2009,2009,2009,SEAR,South-East Asia,BGD,Bangladesh,,,,160875.0,160 875,,
TB_c_ret_tsr,Treatment success rate: previously treated TB cases,https://www.who.int/data/gho/data/indicators/indicator-details/GHO/treatment-success-rate-previously-treated-tb-cases,2020,2020,2020,SEAR,South-East Asia,BGD,Bangladesh,,,,89.0,89,,
TB_e_inc_tbhiv_100k,Incidence of tuberculosis (per 100 000 population) (HIV-positive cases),https://www.who.int/data/gho/data/indicators/indicator-details/GHO/incidence-of-tuberculosis-%28per-100-000-population%29-%28hiv-positive-cases%29,2006,2006,2006,SEAR,South-East Asia,BGD,Bangladesh,,,,0.24,0.24 [0.12-0.4],0.12,0.4
TB_c_dst_rlt_new_pct,New cases tested for RR-/MDR-TB (%),https://www.who.int/data/gho/data/indicators/indicator-details/GHO/new-cases-tested-for-rr--mdr-tb-%28-%29,2024,2024,2024,SEAR,South-East Asia,BGD,Bangladesh,,,,100.0,100,,
TB_c_new_tsr,Treatment success rate: new TB cases,https://www.who.int/data/gho/data/indicators/indicator-details/GHO/treatment-success-rate-new-tb-cases,2007,2007,2007,SEAR,South-East Asia,BGD,Bangladesh,,,,90.0,90,,
TB_c_dst_rlt_ret_pct,Previously treated cases tested for RR-/MDR-TB (%),https://www.who.int/data/gho/data/indicators/indicator-details/GHO/previously-treated-cases-tested-for-rr--mdr-tb-%28-%29,2012,2012,2012,SEAR,South-East Asia,BGD,Bangladesh,,,,15.0,15,,
TB_e_inc_num,Number of incident tuberculosis cases,https://www.who.int/data/gho/data/indicators/indicator-details/GHO/number-of-incident-tuberculosis-cases,2023,2023,2023,SEAR,South-East Asia,BGD,Bangladesh,,,,379000.0,379 000 [276 000-499 000],276000.0,499000.0
TB_c_mdr_tx,Cases started on MDR-TB treatment,https://www.who.int/data/gho/data/indicators/indicator-details/GHO/cases-started-on-mdr-tb-treatment,2021,2021,2021,SEAR,South-East Asia,BGD,Bangladesh,,,,1484.0,1484,,
MDG_0000000020,Incidence of tuberculosis (per 100 000 population per year),https://www.who.int/data/gho/data/indicators/indicator-details/GHO/incidence-of-tuberculosis-%28per-100-000-population-per-year%29,2010,2010,2010,SEAR,South-East Asia,BGD,Bangladesh,,,,221.0,221 [161-291],161.0,291.0
TB_c_tbhiv_tsr,Treatment success rate: HIV-positive TB cases,https://www.who.int/data/gho/data/indicators/indicator-details/GHO/treatment-success-rate-hiv-positive-tb-cases,2016,2016,2016,SEAR,South-East Asia,BGD,Bangladesh,,,,49.0,49,,
TB_c_dst_rlt_new_pct,New cases tested for RR-/MDR-TB (%),https://www.who.int/data/gho/data/indicators/indicator-details/GHO/new-cases-tested-for-rr--mdr-tb-%28-%29,2015,2015,2015,SEAR,South-East Asia,BGD,Bangladesh,,,,9.6,9.6,,
TB_rr_mdr,Confirmed cases of RR-/MDR-TB,https://www.who.int/data/gho/data/indicators/indicator-details/GHO/confirmed-cases-of-rr--mdr-tb,2013,2013,2013,SEAR,South-East Asia,BGD,Bangladesh,,,,1024.0,1024,,
TB_e_inc_tbhiv_num,"Number of incident tuberculosis cases,  (HIV-positive cases)",https://www.who.int/data/gho/data/indicators/indicator-details/GHO/number-of-incident-tuberculosis-cases-%28hiv-positive-cases%29,2016,2016,2016,SEAR,South-East Asia,BGD,Bangladesh,,,,680.0,680 [340-1100],340.0,1100.0
TB_c_mdr_tx,Cases started on MDR-TB treatment,https://www.who.int/data/gho/data/indicators/indicator-details/GHO/cases-started-on-mdr-tb-treatment,2022,2022,2022,SEAR,South-East Asia,BGD,Bangladesh,,,,1350.0,1350,,
TB_c_xdr_tsr,Treatment success rate: XDR-TB cases,https://www.who.int/data/gho/data/indicators/indicator-details/GHO/estimated-xdr-tb-cases,2016,2016,2016,SEAR,South-East Asia,BGD,Bangladesh,,,,63.0,63,,
TB_c_new_tsr,Treatment success rate: new TB cases,https://www.who.int/data/gho/data/indicators/indicator-details/GHO/treatment-success-rate-new-tb-cases,2019,2019,2019,SEAR,South-East Asia,BGD,Bangladesh,,,,95.0,95,,
TB_1,Tuberculosis treatment coverage,https://www.who.int/data/gho/data/indicators/indicator-details/GHO/tuberculosis-treatment-coverage,2018,2018,2018,SEAR,South-East Asia,BGD,Bangladesh,,,,74.0,74 [56-100],56.0,100.0
TB_c_tbhiv_tsr,Treatment success rate: HIV-positive TB cases,https://www.who.int/data/gho/data/indicators/indicator-details/GHO/treatment-success-rate-hiv-positive-tb-cases,2008,2008,2008,SEAR,South-East Asia,BGD,Bangladesh,,,,54.0,54,,
TB_rr_mdr,Confirmed cases of RR-/MDR-TB,https://www.who.int/data/gho/data/indicators/indicator-details/GHO/confirmed-cases-of-rr--mdr-tb,2015,2015,2015,SEAR,South-East Asia,BGD,Bangladesh,,,,954.0,954,,
TB_rr_mdr,Confirmed cases of RR-/MDR-TB,https://www.who.int/data/gho/data/indicators/indicator-details/GHO/confirmed-cases-of-rr--mdr-tb,2018,2018,2018,SEAR,South-East Asia,BGD,Bangladesh,,,,1228.0,1228,,
TB_1,Tuberculosis treatment coverage,https://www.who.int/data/gho/data/indicators/indicator-details/GHO/tuberculosis-treatment-coverage,2019,2019,2019,SEAR,South-East Asia,BGD,Bangladesh,,,,80.0,80 [61-110],61.0,110.0
TB_c_tbhiv_tsr,Treatment success rate: HIV-positive TB cases,https://www.who.int/data/gho/data/indicators/indicator-details/GHO/treatment-success-rate-hiv-positive-tb-cases,2012,2012,2012,SEAR,South-East Asia,BGD,Bangladesh,,,,81.0,81,,
TB_c_newinc,Tuberculosis - new and relapse cases,https://www.who.int/data/gho/data/indicators/indicator-details/GHO/tuberculosis---new-and-relapse-cases,2018,2018,2018,SEAR,South-East Asia,BGD,Bangladesh,,,,267143.0,267 143,,
TB_rr_mdr,Confirmed cases of RR-/MDR-TB,https://www.who.int/data/gho/data/indicators/indicator-details/GHO/confirmed-cases-of-rr--mdr-tb,2012,2012,2012,SEAR,South-East Asia,BGD,Bangladesh,,,,901.0,901,,
TB_c_mdr_tx,Cases started on MDR-TB treatment,https://www.who.int/data/gho/data/indicators/indicator-details/GHO/cases-started-on-mdr-tb-treatment,2012,2012,2012,SEAR,South-East Asia,BGD,Bangladesh,,,,513.0,513,,
TB_e_inc_tbhiv_100k,Incidence of tuberculosis (per 100 000 population) (HIV-positive cases),https://www.who.int/data/gho/data/indicators/indicator-details/GHO/incidence-of-tuberculosis-%28per-100-000-population%29-%28hiv-positive-cases%29,2003,2003,2003,SEAR,South-East Asia,BGD,Bangladesh,,,,0.13,0.13 [0.07-0.21],0.07,0.21
TB_hivtest_pct,TB patients with known HIV status (%),https://www.who.int/data/gho/data/indicators/indicator-details/GHO/tb-patients-with-known-hiv-status-%28-%29,2016,2016,2016,SEAR,South-East Asia,BGD,Bangladesh,,,,1.8,1.8,,
TB_c_ret_tsr,Treatment success rate: previously treated TB cases,https://www.who.int/data/gho/data/indicators/indicator-details/GHO/treatment-success-rate-previously-treated-tb-cases,2000,2000,2000,SEAR,South-East Asia,BGD,Bangladesh,,,,72.0,72,,
TB_c_newinc,Tuberculosis - new and relapse cases,https://www.who.int/data/gho/data/indicators/indicator-details/GHO/tuberculosis---new-and-relapse-cases,2017,2017,2017,SEAR,South-East Asia,BGD,Bangladesh,,,,242639.0,242 639,,
TB_rr_mdr,Confirmed cases of RR-/MDR-TB,https://www.who.int/data/gho/data/indicators/indicator-details/GHO/confirmed-cases-of-rr--mdr-tb,2014,2014,2014,SEAR,South-East Asia,BGD,Bangladesh,,,,994.0,994,,
MDG_0000000020,Incidence of tuberculosis (per 100 000 population per year),https://www.who.int/data/gho/data/indicators/indicator-details/GHO/incidence-of-tuberculosis-%28per-100-000-population-per-year%29,2004,2004,2004,SEAR,South-East Asia,BGD,Bangladesh,,,,221.0,221 [161-291],161.0,291.0
TB_e_inc_num,Number of incident tuberculosis cases,https://www.who.int/data/gho/data/indicators/indicator-details/GHO/number-of-incident-tuberculosis-cases,2021,2021,2021,SEAR,South-East Asia,BGD,Bangladesh,,,,371000.0,371 000 [270 000-488 000],270000.0,488000.0
TB_c_tbhiv_tsr,Treatment success rate: HIV-positive TB cases,https://www.who.int/data/gho/data/indicators/indicator-details/GHO/treatment-success-rate-hiv-positive-tb-cases,2020,2020,2020,SEAR,South-East Asia,BGD,Bangladesh,,,,76.0,76,,
TB_hivtest_pct,TB patients with known HIV status (%),https://www.who.int/data/gho/data/indicators/indicator-details/GHO/tb-patients-with-known-hiv-status-%28-%29,2017,2017,2017,SEAR,South-East Asia,BGD,Bangladesh,,,,1.6,1.6,,
TB_e_inc_tbhiv_num,"Number of incident tuberculosis cases,  (HIV-positive cases)",https://www.who.int/data/gho/data/indicators/indicator-details/GHO/number-of-incident-tuberculosis-cases-%28hiv-positive-cases%29,2005,2005,2005,SEAR,South-East Asia,BGD,Bangladesh,,,,290.0,290 [150-480],150.0,480.0
TB_e_inc_tbhiv_100k,Incidence of tuberculosis (per 100 000 population) (HIV-positive cases),https://www.who.int/data/gho/data/indicators/indicator-details/GHO/incidence-of-tuberculosis-%28per-100-000-population%29-%28hiv-positive-cases%29,2014,2014,2014,SEAR,South-East Asia,BGD,Bangladesh,,,,0.43,0.43 [0.22-0.7],0.22,0.7
TB_c_dst_rlt_ret_pct,Previously treated cases tested for RR-/MDR-TB (%),https://www.who.int/data/gho/data/indicators/indicator-details/GHO/previously-treated-cases-tested-for-rr--mdr-tb-%28-%29,2020,2020,2020,SEAR,South-East Asia,BGD,Bangladesh,,,,98.0,98,,
TB_c_mdr_tx,Cases started on MDR-TB treatment,https://www.who.int/data/gho/data/indicators/indicator-details/GHO/cases-started-on-mdr-tb-treatment,2014,2014,2014,SEAR,South-East Asia,BGD,Bangladesh,,,,945.0,945,,
TB_rr_mdr,Confirmed cases of RR-/MDR-TB,https://www.who.int/data/gho/data/indicators/indicator-details/GHO/confirmed-cases-of-rr--mdr-tb,2019,2019,2019,SEAR,South-East Asia,BGD,Bangladesh,,,,1373.0,1373,,
TB_1,Tuberculosis treatment coverage,https://www.who.int/data/gho/data/indicators/indicator-details/GHO/tuberculosis-treatment-coverage,2012,2012,2012,SEAR,South-East Asia,BGD,Bangladesh,,,,49.0,49 [37-68],37.0,68.0
TB_e_inc_tbhiv_100k,Incidence of tuberculosis (per 100 000 population) (HIV-positive cases),https://www.who.int/data/gho/data/indicators/indicator-details/GHO/incidence-of-tuberculosis-%28per-100-000-population%29-%28hiv-positive-cases%29,2017,2017,2017,SEAR,South-East Asia,BGD,Bangladesh,,,,0.42,0.42 [0.22-0.7],0.22,0.7
TB_c_tbhiv_tsr,Treatment success rate: HIV-positive TB cases,https://www.who.int/data/gho/data/indicators/indicator-details/GHO/treatment-success-rate-hiv-positive-tb-cases,2015,2015,2015,SEAR,South-East Asia,BGD,Bangladesh,,,,68.0,68,,
TB_e_inc_tbhiv_num,"Number of incident tuberculosis cases,  (HIV-positive cases)",https://www.who.int/data/gho/data/indicators/indicator-details/GHO/number-of-incident-tuberculosis-cases-%28hiv-positive-cases%29,2001,2001,2001,SEAR,South-East Asia,BGD,Bangladesh,,,,120.0,120 [59-190],59.0,190.0
TB_c_new_tsr,Treatment success rate: new TB cases,https://www.who.int/data/gho/data/indicators/indicator-details/GHO/treatment-success-rate-new-tb-cases,2012,2012,2012,SEAR,South-East Asia,BGD,Bangladesh,,,,92.0,92,,
TB_e_inc_num,Number of incident tuberculosis cases,https://www.who.int/data/gho/data/indicators/indicator-details/GHO/number-of-incident-tuberculosis-cases,2004,2004,2004,SEAR,South-East Asia,BGD,Bangladesh,,,,316000.0,316 000 [230 000-416 000],230000.0,416000.0
TB_c_ret_tsr,Treatment success rate: previously treated TB cases,https://www.who.int/data/gho/data/indicators/indicator-details/GHO/treatment-success-rate-previously-treated-tb-cases,2018,2018,2018,SEAR,South-East Asia,BGD,Bangladesh,,,,85.0,85,,
TB_e_inc_tbhiv_100k,Incidence of tuberculosis (per 100 000 population) (HIV-positive cases),https://www.who.int/data/gho/data/indicators/indicator-details/GHO/incidence-of-tuberculosis-%28per-100-000-population%29-%28hiv-positive-cases%29,2020,2020,2020,SEAR,South-East Asia,BGD,Bangladesh,,,,0.43,0.43 [0.22-0.7],0.22,0.7
TB_e_inc_num,Number of incident tuberculosis cases,https://www.who.int/data/gho/data/indicators/indicator-details/GHO/number-of-incident-tuberculosis-cases,2012,2012,2012,SEAR,South-East Asia,BGD,Bangladesh,,,,343000.0,343 000 [250 000-451 000],250000.0,451000.0
TB_c_new_tsr,Treatment success rate: new TB cases,https://www.who.int/data/gho/data/indicators/indicator-details/GHO/treatment-success-rate-new-tb-cases,2014,2014,2014,SEAR,South-East Asia,BGD,Bangladesh,,,,93.0,93,,
TB_c_new_tsr,Treatment success rate: new TB cases,https://www.who.int/data/gho/data/indicators/indicator-details/GHO/treatment-success-rate-new-tb-cases,2004,2004,2004,SEAR,South-East Asia,BGD,Bangladesh,,,,90.0,90,,
TB_rr_mdr,Confirmed cases of RR-/MDR-TB,https://www.who.int/data/gho/data/indicators/indicator-details/GHO/confirmed-cases-of-rr--mdr-tb,2022,2022,2022,SEAR,South-East Asia,BGD,Bangladesh,,,,1367.0,1367,,
TB_1,Tuberculosis treatment coverage,https://www.who.int/data/gho/data/indicators/indicator-details/GHO/tuberculosis-treatment-coverage,2016,2016,2016,SEAR,South-East Asia,BGD,Bangladesh,,,,62.0,62 [48-86],48.0,86.0
MDG_0000000020,Incidence of tuberculosis (per 100 000 population per year),https://www.who.int/data/gho/data/indicators/indicator-details/GHO/incidence-of-tuberculosis-%28per-100-000-population-per-year%29,2005,2005,2005,SEAR,South-East Asia,BGD,Bangladesh,,,,221.0,221 [161-291],161.0,291.0
TB_e_inc_num,Number of incident tuberculosis cases,https://www.who.int/data/gho/data/indicators/indicator-details/GHO/number-of-incident-tuberculosis-cases,2018,2018,2018,SEAR,South-East Asia,BGD,Bangladesh,,,,362000.0,362 000 [263 000-476 000],263000.0,476000.0
MDG_0000000020,Incidence of tuberculosis (per 100 000 population per year),https://www.who.int/data/gho/data/indicators/indicator-details/GHO/incidence-of-tuberculosis-%28per-100-000-population-per-year%29,2020,2020,2020,SEAR,South-East Asia,BGD,Bangladesh,,,,221.0,221 [161-291],161.0,291.0
TB_c_dst_rlt_new_pct,New cases tested for RR-/MDR-TB (%),https://www.who.int/data/gho/data/indicators/indicator-details/GHO/new-cases-tested-for-rr--mdr-tb-%28-%29,2016,2016,2016,SEAR,South-East Asia,BGD,Bangladesh,,,,27.0,27,,
TB_c_ret_tsr,Treatment success rate: previously treated TB cases,https://www.who.int/data/gho/data/indicators/indicator-details/GHO/treatment-success-rate-previously-treated-tb-cases,2017,2017,2017,SEAR,South-East Asia,BGD,Bangladesh,,,,86.0,86,,
TB_hivtest_pct,TB patients with known HIV status (%),https://www.who.int/data/gho/data/indicators/indicator-details/GHO/tb-patients-with-known-hiv-status-%28-%29,2019,2019,2019,SEAR,South-East Asia,BGD,Bangladesh,,,,3.3,3.3,,
TB_1,Tuberculosis treatment coverage,https://www.who.int/data/gho/data/indicators/indicator-details/GHO/tuberculosis-treatment-coverage,2015,2015,2015,SEAR,South-East Asia,BGD,Bangladesh,,,,59.0,59 [45-81],45.0,81.0
TB_c_ret_tsr,Treatment success rate: previously treated TB cases,https://www.who.int/data/gho/data/indicators/indicator-details/GHO/treatment-success-rate-previously-treated-tb-cases,2010,2010,2010,SEAR,South-East Asia,BGD,Bangladesh,,,,80.0,80,,
TB_c_new_tsr,Treatment success rate: new TB cases,https://www.who.int/data/gho/data/indicators/indicator-details/GHO/treatment-success-rate-new-tb-cases,2021,2021,2021,SEAR,South-East Asia,BGD,Bangladesh,,,,97.0,97,,
TB_1,Tuberculosis treatment coverage,https://www.who.int/data/gho/data/indicators/indicator-details/GHO/tuberculosis-treatment-coverage,2023,2023,2023,SEAR,South-East Asia,BGD,Bangladesh,,,,80.0,80 [61-110],61.0,110.0
TB_e_inc_num,Number of incident tuberculosis cases,https://www.who.int/data/gho/data/indicators/indicator-details/GHO/number-of-incident-tuberculosis-cases,2024,2024,2024,SEAR,South-East Asia,BGD,Bangladesh,,,,384000.0,384 000 [279 000-505 000],279000.0,505000.0
MDG_0000000020,Incidence of tuberculosis (per 100 000 population per year),https://www.who.int/data/gho/data/indicators/indicator-details/GHO/incidence-of-tuberculosis-%28per-100-000-population-per-year%29,2002,2002,2002,SEAR,South-East Asia,BGD,Bangladesh,,,,221.0,221 [161-291],161.0,291.0
TB_e_inc_tbhiv_num,"Number of incident tuberculosis cases,  (HIV-positive cases)",https://www.who.int/data/gho/data/indicators/indicator-details/GHO/number-of-incident-tuberculosis-cases-%28hiv-positive-cases%29,2021,2021,2021,SEAR,South-East Asia,BGD,Bangladesh,,,,720.0,720 [370-1200],370.0,1200.0
TB_c_dst_rlt_ret_pct,Previously treated cases tested for RR-/MDR-TB (%),https://www.who.int/data/gho/data/indicators/indicator-details/GHO/previously-treated-cases-tested-for-rr--mdr-tb-%28-%29,2023,2023,2023,SEAR,South-East Asia,BGD,Bangladesh,,,,85.0,85,,
TB_e_inc_num,Number of incident tuberculosis cases,https://www.who.int/data/gho/data/indicators/indicator-details/GHO/number-of-incident-tuberculosis-cases,2007,2007,2007,SEAR,South-East Asia,BGD,Bangladesh,,,,327000.0,327 000 [238 000-430 000],238000.0,430000.0
TB_c_mdr_tsr,Treatment success rate for patients treated for MDR-TB (%),https://www.who.int/data/gho/data/indicators/indicator-details/GHO/treatment-success-rate-for-patients-treated-for-mdr-tb-%28-%29,2007,2007,2007,SEAR,South-East Asia,BGD,Bangladesh,,,,82.0,82,,
TB_e_inc_num,Number of incident tuberculosis cases,https://www.who.int/data/gho/data/indicators/indicator-details/GHO/number-of-incident-tuberculosis-cases,2000,2000,2000,SEAR,South-East Asia,BGD,Bangladesh,,,,298000.0,298 000 [217 000-391 000],217000.0,391000.0
TB_c_newinc,Tuberculosis - new and relapse cases,https://www.who.int/data/gho/data/indicators/indicator-details/GHO/tuberculosis---new-and-relapse-cases,2010,2010,2010,SEAR,South-East Asia,BGD,Bangladesh,,,,153892.0,153 892,,
MDG_0000000020,Incidence of tuberculosis (per 100 000 population per year),https://www.who.int/data/gho/data/indicators/indicator-details/GHO/incidence-of-tuberculosis-%28per-100-000-population-per-year%29,2015,2015,2015,SEAR,South-East Asia,BGD,Bangladesh,,,,221.0,221 [161-291],161.0,291.0
MDG_0000000020,Incidence of tuberculosis (per 100 000 population per year),https://www.who.int/data/gho/data/indicators/indicator-details/GHO/incidence-of-tuberculosis-%28per-100-000-population-per-year%29,2023,2023,2023,SEAR,South-East Asia,BGD,Bangladesh,,,,221.0,221 [161-291],161.0,291.0
TB_e_inc_rr_num,Estimated number of MDR/RR-TB incident cases,https://www.who.int/data/gho/data/indicators/indicator-details/GHO/estimated-number-of-mdr-rr-tb-incident-cases,2015,2015,2015,SEAR,South-East Asia,BGD,Bangladesh,,,,4300.0,4300 [2200-6400],2200.0,6400.0
TB_c_new_tsr,Treatment success rate: new TB cases,https://www.who.int/data/gho/data/indicators/indicator-details/GHO/treatment-success-rate-new-tb-cases,2002,2002,2002,SEAR,South-East Asia,BGD,Bangladesh,,,,84.0,84,,
TB_hivtest_pct,TB patients with known HIV status (%),https://www.who.int/data/gho/data/indicators/indicator-details/GHO/tb-patients-with-known-hiv-status-%28-%29,2012,2012,2012,SEAR,South-East Asia,BGD,Bangladesh,,,,1.2,1.2,,
TB_c_mdr_tx,Cases started on MDR-TB treatment,https://www.who.int/data/gho/data/indicators/indicator-details/GHO/cases-started-on-mdr-tb-treatment,2018,2018,2018,SEAR,South-East Asia,BGD,Bangladesh,,,,1147.0,1147,,
TB_e_inc_tbhiv_num,"Number of incident tuberculosis cases,  (HIV-positive cases)",https://www.who.int/data/gho/data/indicators/indicator-details/GHO/number-of-incident-tuberculosis-cases-%28hiv-positive-cases%29,2022,2022,2022,SEAR,South-East Asia,BGD,Bangladesh,,,,730.0,730 [370-1200],370.0,1200.0
TB_hivtest_pos_pct,Tested TB patients HIV-positive (%),https://www.who.int/data/gho/data/indicators/indicator-details/GHO/tested-tb-patients-hiv-positive-%28-%29,2016,2016,2016,SEAR,South-East Asia,BGD,Bangladesh,,,,2.1,2.1,,
TB_c_mdr_tsr,Treatment success rate for patients treated for MDR-TB (%),https://www.who.int/data/gho/data/indicators/indicator-details/GHO/treatment-success-rate-for-patients-treated-for-mdr-tb-%28-%29,2010,2010,2010,SEAR,South-East Asia,BGD,Bangladesh,,,,75.0,75,,
TB_c_ret_tsr,Treatment success rate: previously treated TB cases,https://www.who.int/data/gho/data/indicators/indicator-details/GHO/treatment-success-rate-previously-treated-tb-cases,2016,2016,2016,SEAR,South-East Asia,BGD,Bangladesh,,,,86.0,86,,
TB_c_new_tsr,Treatment success rate: new TB cases,https://www.who.int/data/gho/data/indicators/indicator-details/GHO/treatment-success-rate-new-tb-cases,2008,2008,2008,SEAR,South-East Asia,BGD,Bangladesh,,,,91.0,91,,
TB_hivtest_pos_pct,Tested TB patients HIV-positive (%),https://www.who.int/data/gho/data/indicators/indicator-details/GHO/tested-tb-patients-hiv-positive-%28-%29,2012,2012,2012,SEAR,South-East Asia,BGD,Bangladesh,,,,3.0,3,,
TB_1,Tuberculosis treatment coverage,https://www.who.int/data/gho/data/indicators/indicator-details/GHO/tuberculosis-treatment-coverage,2014,2014,2014,SEAR,South-East Asia,BGD,Bangladesh,,,,55.0,55 [42-75],42.0,75.0
TB_c_new_tsr,Treatment success rate: new TB cases,https://www.who.int/data/gho/data/indicators/indicator-details/GHO/treatment-success-rate-new-tb-cases,1995,1995,1995,SEAR,South-East Asia,BGD,Bangladesh,,,,71.0,71,,
MDG_0000000020,Incidence of tuberculosis (per 100 000 population per year),https://www.who.int/data/gho/data/indicators/indicator-details/GHO/incidence-of-tuberculosis-%28per-100-000-population-per-year%29,2007,2007,2007,SEAR,South-East Asia,BGD,Bangladesh,,,,221.0,221 [161-291],161.0,291.0
TB_hivtest_pos_pct,Tested TB patients HIV-positive (%),https://www.who.int/data/gho/data/indicators/indicator-details/GHO/tested-tb-patients-hiv-positive-%28-%29,2015,2015,2015,SEAR,South-East Asia,BGD,Bangladesh,,,,16.0,16,,
TB_e_inc_tbhiv_100k,Incidence of tuberculosis (per 100 000 population) (HIV-positive cases),https://www.who.int/data/gho/data/indicators/indicator-details/GHO/incidence-of-tuberculosis-%28per-100-000-population%29-%28hiv-positive-cases%29,2010,2010,2010,SEAR,South-East Asia,BGD,Bangladesh,,,,0.37,0.37 [0.19-0.62],0.19,0.62
TB_hivtest_pct,TB patients with known HIV status (%),https://www.who.int/data/gho/data/indicators/indicator-details/GHO/tb-patients-with-known-hiv-status-%28-%29,2011,2011,2011,SEAR,South-East Asia,BGD,Bangladesh,,,,1.2,1.2,,
TB_e_inc_num,Number of incident tuberculosis cases,https://www.who.int/data/gho/data/indicators/indicator-details/GHO/number-of-incident-tuberculosis-cases,2011,2011,2011,SEAR,South-East Asia,BGD,Bangladesh,,,,340000.0,340 000 [247 000-447 000],247000.0,447000.0
MDG_0000000020,Incidence of tuberculosis (per 100 000 population per year),https://www.who.int/data/gho/data/indicators/indicator-details/GHO/incidence-of-tuberculosis-%28per-100-000-population-per-year%29,2022,2022,2022,SEAR,South-East Asia,BGD,Bangladesh,,,,221.0,221 [161-291],161.0,291.0
MDG_0000000020,Incidence of tuberculosis (per 100 000 population per year),https://www.who.int/data/gho/data/indicators/indicator-details/GHO/incidence-of-tuberculosis-%28per-100-000-population-per-year%29,2012,2012,2012,SEAR,South-East Asia,BGD,Bangladesh,,,,221.0,221 [161-291],161.0,291.0
TB_c_newinc,Tuberculosis - new and relapse cases,https://www.who.int/data/gho/data/indicators/indicator-details/GHO/tuberculosis---new-and-relapse-cases,2005,2005,2005,SEAR,South-East Asia,BGD,Bangladesh,,,,123118.0,123 118,,
TB_e_inc_rr_num,Estimated number of MDR/RR-TB incident cases,https://www.who.int/data/gho/data/indicators/indicator-details/GHO/estimated-number-of-mdr-rr-tb-incident-cases,2016,2016,2016,SEAR,South-East Asia,BGD,Bangladesh,,,,4000.0,4000 [2200-5900],2200.0,5900.0
TB_e_inc_tbhiv_num,"Number of incident tuberculosis cases,  (HIV-positive cases)",https://www.who.int/data/gho/data/indicators/indicator-details/GHO/number-of-incident-tuberculosis-cases-%28hiv-positive-cases%29,2024,2024,2024,SEAR,South-East Asia,BGD,Bangladesh,,,,750.0,750 [380-1200],380.0,1200.0
TB_e_inc_num_014,Number of incident tuberculosis cases in children aged 0 - 14,https://www.who.int/data/gho/data/indicators/indicator-details/GHO/number-of-incident-tuberculosis-cases-in-children-aged-0---14,2024,2024,2024,SEAR,South-East Asia,BGD,Bangladesh,,,,34000.0,34 000 [19 000-50 000],19000.0,50000.0
TB_c_mdr_tx,Cases started on MDR-TB treatment,https://www.who.int/data/gho/data/indicators/indicator-details/GHO/cases-started-on-mdr-tb-treatment,2010,2010,2010,SEAR,South-East Asia,BGD,Bangladesh,,,,339.0,339,,
TB_c_mdr_tsr,Treatment success rate for patients treated for MDR-TB (%),https://www.who.int/data/gho/data/indicators/indicator-details/GHO/treatment-success-rate-for-patients-treated-for-mdr-tb-%28-%29,2008,2008,2008,SEAR,South-East Asia,BGD,Bangladesh,,,,83.0,83,,
TB_c_mdr_tx,Cases started on MDR-TB treatment,https://www.who.int/data/gho/data/indicators/indicator-details/GHO/cases-started-on-mdr-tb-treatment,2017,2017,2017,SEAR,South-East Asia,BGD,Bangladesh,,,,920.0,920,,
TB_1,Tuberculosis treatment coverage,https://www.who.int/data/gho/data/indicators/indicator-details/GHO/tuberculosis-treatment-coverage,2024,2024,2024,SEAR,South-East Asia,BGD,Bangladesh,,,,82.0,82 [62-110],62.0,110.0
TB_c_new_tsr,Treatment success rate: new TB cases,https://www.who.int/data/gho/data/indicators/indicator-details/GHO/treatment-success-rate-new-tb-cases,2022,2022,2022,SEAR,South-East Asia,BGD,Bangladesh,,,,95.0,95,,
TB_e_inc_rr_num,Estimated number of MDR/RR-TB incident cases,https://www.who.int/data/gho/data/indicators/indicator-details/GHO/estimated-number-of-mdr-rr-tb-incident-cases,2020,2020,2020,SEAR,South-East Asia,BGD,Bangladesh,,,,3100.0,3100 [2000-4200],2000.0,4200.0
TB_c_new_tsr,Treatment success rate: new TB cases,https://www.who.int/data/gho/data/indicators/indicator-details/GHO/treatment-success-rate-new-tb-cases,1999,1999,1999,SEAR,South-East Asia,BGD,Bangladesh,,,,79.0,79,,
TB_c_mdr_tsr,Treatment success rate for patients treated for MDR-TB (%),https://www.who.int/data/gho/data/indicators/indicator-details/GHO/treatment-success-rate-for-patients-treated-for-mdr-tb-%28-%29,2019,2019,2019,SEAR,South-East Asia,BGD,Bangladesh,,,,74.0,74,,
TB_c_mdr_tsr,Treatment success rate for patients treated for MDR-TB (%),https://www.who.int/data/gho/data/indicators/indicator-details/GHO/treatment-success-rate-for-patients-treated-for-mdr-tb-%28-%29,2009,2009,2009,SEAR,South-East Asia,BGD,Bangladesh,,,,63.0,63,,
TB_e_inc_tbhiv_num,"Number of incident tuberculosis cases,  (HIV-positive cases)",https://www.who.int/data/gho/data/indicators/indicator-details/GHO/number-of-incident-tuberculosis-cases-%28hiv-positive-cases%29,2012,2012,2012,SEAR,South-East Asia,BGD,Bangladesh,,,,650.0,650 [330-1100],330.0,1100.0
TB_c_dst_rlt_ret_pct,Previously treated cases tested for RR-/MDR-TB (%),https://www.who.int/data/gho/data/indicators/indicator-details/GHO/previously-treated-cases-tested-for-rr--mdr-tb-%28-%29,2013,2013,2013,SEAR,South-East Asia,BGD,Bangladesh,,,,50.0,50,,
TB_c_newinc,Tuberculosis - new and relapse cases,https://www.who.int/data/gho/data/indicators/indicator-details/GHO/tuberculosis---new-and-relapse-cases,2020,2020,2020,SEAR,South-East Asia,BGD,Bangladesh,,,,230081.0,230 081,,
TB_c_mdr_tsr,Treatment success rate for patients treated for MDR-TB (%),https://www.who.int/data/gho/data/indicators/indicator-details/GHO/treatment-success-rate-for-patients-treated-for-mdr-tb-%28-%29,2012,2012,2012,SEAR,South-East Asia,BGD,Bangladesh,,,,72.0,72,,
TB_e_inc_num,Number of incident tuberculosis cases,https://www.who.int/data/gho/data/indicators/indicator-details/GHO/number-of-incident-tuberculosis-cases,2002,2002,2002,SEAR,South-East Asia,BGD,Bangladesh,,,,307000.0,307 000 [224 000-404 000],224000.0,404000.0
TB_c_ret_tsr,Treatment success rate: previously treated TB cases,https://www.who.int/data/gho/data/indicators/indicator-details/GHO/treatment-success-rate-previously-treated-tb-cases,2002,2002,2002,SEAR,South-East Asia,BGD,Bangladesh,,,,69.0,69,,
TB_c_tbhiv_tsr,Treatment success rate: HIV-positive TB cases,https://www.who.int/data/gho/data/indicators/indicator-details/GHO/treatment-success-rate-hiv-positive-tb-cases,2010,2010,2010,SEAR,South-East Asia,BGD,Bangladesh,,,,75.0,75,,
TB_c_mdr_tsr,Treatment success rate for patients treated for MDR-TB (%),https://www.who.int/data/gho/data/indicators/indicator-details/GHO/treatment-success-rate-for-patients-treated-for-mdr-tb-%28-%29,2014,2014,2014,SEAR,South-East Asia,BGD,Bangladesh,,,,74.0,74,,
TB_c_dst_rlt_ret_pct,Previously treated cases tested for RR-/MDR-TB (%),https://www.who.int/data/gho/data/indicators/indicator-details/GHO/previously-treated-cases-tested-for-rr--mdr-tb-%28-%29,2021,2021,2021,SEAR,South-East Asia,BGD,Bangladesh,,,,97.0,97,,
TB_e_inc_tbhiv_num,"Number of incident tuberculosis cases,  (HIV-positive cases)",https://www.who.int/data/gho/data/indicators/indicator-details/GHO/number-of-incident-tuberculosis-cases-%28hiv-positive-cases%29,2008,2008,2008,SEAR,South-East Asia,BGD,Bangladesh,,,,470.0,470 [240-780],240.0,780.0
TB_c_new_tsr,Treatment success rate: new TB cases,https://www.who.int/data/gho/data/indicators/indicator-details/GHO/treatment-success-rate-new-tb-cases,1998,1998,1998,SEAR,South-East Asia,BGD,Bangladesh,,,,77.0,77,,
TB_c_xdr_tsr,Treatment success rate: XDR-TB cases,https://www.who.int/data/gho/data/indicators/indicator-details/GHO/estimated-xdr-tb-cases,2012,2012,2012,SEAR,South-East Asia,BGD,Bangladesh,,,,25.0,25,,
TB_e_inc_tbhiv_num,"Number of incident tuberculosis cases,  (HIV-positive cases)",https://www.who.int/data/gho/data/indicators/indicator-details/GHO/number-of-incident-tuberculosis-cases-%28hiv-positive-cases%29,2003,2003,2003,SEAR,South-East Asia,BGD,Bangladesh,,,,180.0,180 [92-300],92.0,300.0
TB_hivtest_pos_pct,Tested TB patients HIV-positive (%),https://www.who.int/data/gho/data/indicators/indicator-details/GHO/tested-tb-patients-hiv-positive-%28-%29,2011,2011,2011,SEAR,South-East Asia,BGD,Bangladesh,,,,2.8,2.8,,
TB_e_inc_tbhiv_100k,Incidence of tuberculosis (per 100 000 population) (HIV-positive cases),https://www.who.int/data/gho/data/indicators/indicator-details/GHO/incidence-of-tuberculosis-%28per-100-000-population%29-%28hiv-positive-cases%29,2016,2016,2016,SEAR,South-East Asia,BGD,Bangladesh,,,,0.42,0.42 [0.21-0.7],0.21,0.7
TB_rr_mdr,Confirmed cases of RR-/MDR-TB,https://www.who.int/data/gho/data/indicators/indicator-details/GHO/confirmed-cases-of-rr--mdr-tb,2020,2020,2020,SEAR,South-East Asia,BGD,Bangladesh,,,,1113.0,1113,,
TB_c_xdr_tsr,Treatment success rate: XDR-TB cases,https://www.who.int/data/gho/data/indicators/indicator-details/GHO/estimated-xdr-tb-cases,2014,2014,2014,SEAR,South-East Asia,BGD,Bangladesh,,,,0.0,0,,
TB_e_inc_tbhiv_100k,Incidence of tuberculosis (per 100 000 population) (HIV-positive cases),https://www.who.int/data/gho/data/indicators/indicator-details/GHO/incidence-of-tuberculosis-%28per-100-000-population%29-%28hiv-positive-cases%29,2005,2005,2005,SEAR,South-East Asia,BGD,Bangladesh,,,,0.2,0.2 [0.1-0.33],0.1,0.33
TB_c_ret_tsr,Treatment success rate: previously treated TB cases,https://www.who.int/data/gho/data/indicators/indicator-details/GHO/treatment-success-rate-previously-treated-tb-cases,2021,2021,2021,SEAR,South-East Asia,BGD,Bangladesh,,,,88.0,88,,
TB_c_new_tsr,Treatment success rate: new TB cases,https://www.who.int/data/gho/data/indicators/indicator-details/GHO/treatment-success-rate-new-tb-cases,2018,2018,2018,SEAR,South-East Asia,BGD,Bangladesh,,,,94.0,94,,
TB_c_ret_tsr,Treatment success rate: previously treated TB cases,https://www.who.int/data/gho/data/indicators/indicator-details/GHO/treatment-success-rate-previously-treated-tb-cases,1995,1995,1995,SEAR,South-East Asia,BGD,Bangladesh,,,,75.0,75,,
TB_c_newinc,Tuberculosis - new and relapse cases,https://www.who.int/data/gho/data/indicators/indicator-details/GHO/tuberculosis---new-and-relapse-cases,2000,2000,2000,SEAR,South-East Asia,BGD,Bangladesh,,,,75557.0,75 557,,
TB_e_inc_tbhiv_100k,Incidence of tuberculosis (per 100 000 population) (HIV-positive cases),https://www.who.int/data/gho/data/indicators/indicator-details/GHO/incidence-of-tuberculosis-%28per-100-000-population%29-%28hiv-positive-cases%29,2000,2000,2000,SEAR,South-East Asia,BGD,Bangladesh,,,,0.08,0.08 [0.04-0.13],0.04,0.13
TB_c_new_tsr,Treatment success rate: new TB cases,https://www.who.int/data/gho/data/indicators/indicator-details/GHO/treatment-success-rate-new-tb-cases,2017,2017,2017,SEAR,South-East Asia,BGD,Bangladesh,,,,94.0,94,,
TB_e_inc_tbhiv_num,"Number of incident tuberculosis cases,  (HIV-positive cases)",https://www.who.int/data/gho/data/indicators/indicator-details/GHO/number-of-incident-tuberculosis-cases-%28hiv-positive-cases%29,2009,2009,2009,SEAR,South-East Asia,BGD,Bangladesh,,,,520.0,520 [270-870],270.0,870.0
TB_c_ret_tsr,Treatment success rate: previously treated TB cases,https://www.who.int/data/gho/data/indicators/indicator-details/GHO/treatment-success-rate-previously-treated-tb-cases,2019,2019,2019,SEAR,South-East Asia,BGD,Bangladesh,,,,88.0,88,,
TB_c_ret_tsr,Treatment success rate: previously treated TB cases,https://www.who.int/data/gho/data/indicators/indicator-details/GHO/treatment-success-rate-previously-treated-tb-cases,2003,2003,2003,SEAR,South-East Asia,BGD,Bangladesh,,,,73.0,73,,
TB_c_ret_tsr,Treatment success rate: previously treated TB cases,https://www.who.int/data/gho/data/indicators/indicator-details/GHO/treatment-success-rate-previously-treated-tb-cases,1999,1999,1999,SEAR,South-East Asia,BGD,Bangladesh,,,,64.0,64,,
MDG_0000000020,Incidence of tuberculosis (per 100 000 population per year),https://www.who.int/data/gho/data/indicators/indicator-details/GHO/incidence-of-tuberculosis-%28per-100-000-population-per-year%29,2019,2019,2019,SEAR,South-East Asia,BGD,Bangladesh,,,,221.0,221 [161-291],161.0,291.0
TB_c_new_tsr,Treatment success rate: new TB cases,https://www.who.int/data/gho/data/indicators/indicator-details/GHO/treatment-success-rate-new-tb-cases,2016,2016,2016,SEAR,South-East Asia,BGD,Bangladesh,,,,94.0,94,,
TB_1,Tuberculosis treatment coverage,https://www.who.int/data/gho/data/indicators/indicator-details/GHO/tuberculosis-treatment-coverage,2006,2006,2006,SEAR,South-East Asia,BGD,Bangladesh,,,,45.0,45 [34-62],34.0,62.0
TB_e_inc_num,Number of incident tuberculosis cases,https://www.who.int/data/gho/data/indicators/indicator-details/GHO/number-of-incident-tuberculosis-cases,2013,2013,2013,SEAR,South-East Asia,BGD,Bangladesh,,,,346000.0,346 000 [252 000-455 000],252000.0,455000.0
TB_c_mdr_tsr,Treatment success rate for patients treated for MDR-TB (%),https://www.who.int/data/gho/data/indicators/indicator-details/GHO/treatment-success-rate-for-patients-treated-for-mdr-tb-%28-%29,2017,2017,2017,SEAR,South-East Asia,BGD,Bangladesh,,,,73.0,73,,
TB_c_xdr_tsr,Treatment success rate: XDR-TB cases,https://www.who.int/data/gho/data/indicators/indicator-details/GHO/estimated-xdr-tb-cases,2017,2017,2017,SEAR,South-East Asia,BGD,Bangladesh,,,,83.0,83,,
TB_e_inc_num,Number of incident tuberculosis cases,https://www.who.int/data/gho/data/indicators/indicator-details/GHO/number-of-incident-tuberculosis-cases,2020,2020,2020,SEAR,South-East Asia,BGD,Bangladesh,,,,368000.0,368 000 [268 000-484 000],268000.0,484000.0
TB_e_inc_tbhiv_100k,Incidence of tuberculosis (per 100 000 population) (HIV-positive cases),https://www.who.int/data/gho/data/indicators/indicator-details/GHO/incidence-of-tuberculosis-%28per-100-000-population%29-%28hiv-positive-cases%29,2013,2013,2013,SEAR,South-East Asia,BGD,Bangladesh,,,,0.43,0.43 [0.22-0.71],0.22,0.71
TB_c_newinc,Tuberculosis - new and relapse cases,https://www.who.int/data/gho/data/indicators/indicator-details/GHO/tuberculosis---new-and-relapse-cases,2002,2002,2002,SEAR,South-East Asia,BGD,Bangladesh,,,,83485.0,83 485,,
TB_1,Tuberculosis treatment coverage,https://www.who.int/data/gho/data/indicators/indicator-details/GHO/tuberculosis-treatment-coverage,2017,2017,2017,SEAR,South-East Asia,BGD,Bangladesh,,,,68.0,68 [51-93],51.0,93.0
TB_hivtest_pos_pct,Tested TB patients HIV-positive (%),https://www.who.int/data/gho/data/indicators/indicator-details/GHO/tested-tb-patients-hiv-positive-%28-%29,2024,2024,2024,SEAR,South-East Asia,BGD,Bangladesh,,,,0.1,<0.1,,
TB_e_inc_tbhiv_100k,Incidence of tuberculosis (per 100 000 population) (HIV-positive cases),https://www.who.int/data/gho/data/indicators/indicator-details/GHO/incidence-of-tuberculosis-%28per-100-000-population%29-%28hiv-positive-cases%29,2011,2011,2011,SEAR,South-East Asia,BGD,Bangladesh,,,,0.4,0.4 [0.2-0.66],0.2,0.66
TB_e_inc_num,Number of incident tuberculosis cases,https://www.who.int/data/gho/data/indicators/indicator-details/GHO/number-of-incident-tuberculosis-cases,2001,2001,2001,SEAR,South-East Asia,BGD,Bangladesh,,,,303000.0,303 000 [220 000-398 000],220000.0,398000.0
TB_e_inc_num,Number of incident tuberculosis cases,https://www.who.int/data/gho/data/indicators/indicator-details/GHO/number-of-incident-tuberculosis-cases,2003,2003,2003,SEAR,South-East Asia,BGD,Bangladesh,,,,312000.0,312 000 [227 000-410 000],227000.0,410000.0
TB_c_mdr_tx,Cases started on MDR-TB treatment,https://www.who.int/data/gho/data/indicators/indicator-details/GHO/cases-started-on-mdr-tb-treatment,2019,2019,2019,SEAR,South-East Asia,BGD,Bangladesh,,,,1243.0,1243,,
TB_rr_mdr,Confirmed cases of RR-/MDR-TB,https://www.who.int/data/gho/data/indicators/indicator-details/GHO/confirmed-cases-of-rr--mdr-tb,2021,2021,2021,SEAR,South-East Asia,BGD,Bangladesh,,,,1601.0,1601,,
TB_c_newinc,Tuberculosis - new and relapse cases,https://www.who.int/data/gho/data/indicators/indicator-details/GHO/tuberculosis---new-and-relapse-cases,2024,2024,2024,SEAR,South-East Asia,BGD,Bangladesh,,,,314180.0,314 180,,
TB_e_inc_tbhiv_100k,Incidence of tuberculosis (per 100 000 population) (HIV-positive cases),https://www.who.int/data/gho/data/indicators/indicator-details/GHO/incidence-of-tuberculosis-%28per-100-000-population%29-%28hiv-positive-cases%29,2019,2019,2019,SEAR,South-East Asia,BGD,Bangladesh,,,,0.43,0.43 [0.22-0.71],0.22,0.71
TB_c_dst_rlt_new_pct,New cases tested for RR-/MDR-TB (%),https://www.who.int/data/gho/data/indicators/indicator-details/GHO/new-cases-tested-for-rr--mdr-tb-%28-%29,2022,2022,2022,SEAR,South-East Asia,BGD,Bangladesh,,,,37.0,37,,
TB_c_xdr_tsr,Treatment success rate: XDR-TB cases,https://www.who.int/data/gho/data/indicators/indicator-details/GHO/estimated-xdr-tb-cases,2019,2019,2019,SEAR,South-East Asia,BGD,Bangladesh,,,,86.0,86,,
TB_c_newinc,Tuberculosis - new and relapse cases,https://www.who.int/data/gho/data/indicators/indicator-details/GHO/tuberculosis---new-and-relapse-cases,2016,2016,2016,SEAR,South-East Asia,BGD,Bangladesh,,,,222248.0,222 248,,
TB_c_mdr_tx,Cases started on MDR-TB treatment,https://www.who.int/data/gho/data/indicators/indicator-details/GHO/cases-started-on-mdr-tb-treatment,2024,2024,2024,SEAR,South-East Asia,BGD,Bangladesh,,,,1328.0,1328,,
TB_c_newinc,Tuberculosis - new and relapse cases,https://www.who.int/data/gho/data/indicators/indicator-details/GHO/tuberculosis---new-and-relapse-cases,2001,2001,2001,SEAR,South-East Asia,BGD,Bangladesh,,,,76302.0,76 302,,
TB_c_dst_rlt_new_pct,New cases tested for RR-/MDR-TB (%),https://www.who.int/data/gho/data/indicators/indicator-details/GHO/new-cases-tested-for-rr--mdr-tb-%28-%29,2018,2018,2018,SEAR,South-East Asia,BGD,Bangladesh,,,,24.0,24,,
TB_c_ret_tsr,Treatment success rate: previously treated TB cases,https://www.who.int/data/gho/data/indicators/indicator-details/GHO/treatment-success-rate-previously-treated-tb-cases,1996,1996,1996,SEAR,South-East Asia,BGD,Bangladesh,,,,57.0,57,,
TB_c_ret_tsr,Treatment success rate: previously treated TB cases,https://www.who.int/data/gho/data/indicators/indicator-details/GHO/treatment-success-rate-previously-treated-tb-cases,2013,2013,2013,SEAR,South-East Asia,BGD,Bangladesh,,,,86.0,86,,
TB_c_dst_rlt_ret_pct,Previously treated cases tested for RR-/MDR-TB (%),https://www.who.int/data/gho/data/indicators/indicator-details/GHO/previously-treated-cases-tested-for-rr--mdr-tb-%28-%29,2010,2010,2010,SEAR,South-East Asia,BGD,Bangladesh,,,,4.3,4.3,,
TB_hivtest_pct,TB patients with known HIV status (%),https://www.who.int/data/gho/data/indicators/indicator-details/GHO/tb-patients-with-known-hiv-status-%28-%29,2014,2014,2014,SEAR,South-East Asia,BGD,Bangladesh,,,,0.56,0.56,,
TB_e_inc_tbhiv_100k,Incidence of tuberculosis (per 100 000 population) (HIV-positive cases),https://www.who.int/data/gho/data/indicators/indicator-details/GHO/incidence-of-tuberculosis-%28per-100-000-population%29-%28hiv-positive-cases%29,2023,2023,2023,SEAR,South-East Asia,BGD,Bangladesh,,,,0.43,0.43 [0.22-0.71],0.22,0.71
MDG_0000000020,Incidence of tuberculosis (per 100 000 population per year),https://www.who.int/data/gho/data/indicators/indicator-details/GHO/incidence-of-tuberculosis-%28per-100-000-population-per-year%29,2000,2000,2000,SEAR,South-East Asia,BGD,Bangladesh,,,,221.0,221 [161-291],161.0,291.0
TB_c_ret_tsr,Treatment success rate: previously treated TB cases,https://www.who.int/data/gho/data/indicators/indicator-details/GHO/treatment-success-rate-previously-treated-tb-cases,2004,2004,2004,SEAR,South-East Asia,BGD,Bangladesh,,,,81.0,81,,
TB_rr_mdr,Confirmed cases of RR-/MDR-TB,https://www.who.int/data/gho/data/indicators/indicator-details/GHO/confirmed-cases-of-rr--mdr-tb,2016,2016,2016,SEAR,South-East Asia,BGD,Bangladesh,,,,969.0,969,,
TB_c_mdr_tx,Cases started on MDR-TB treatment,https://www.who.int/data/gho/data/indicators/indicator-details/GHO/cases-started-on-mdr-tb-treatment,2020,2020,2020,SEAR,South-East Asia,BGD,Bangladesh,,,,1027.0,1027,,
MDG_0000000020,Incidence of tuberculosis (per 100 000 population per year),https://www.who.int/data/gho/data/indicators/indicator-details/GHO/incidence-of-tuberculosis-%28per-100-000-population-per-year%29,2014,2014,2014,SEAR,South-East Asia,BGD,Bangladesh,,,,221.0,221 [161-291],161.0,291.0
TB_c_ret_tsr,Treatment success rate: previously treated TB cases,https://www.who.int/data/gho/data/indicators/indicator-details/GHO/treatment-success-rate-previously-treated-tb-cases,2006,2006,2006,SEAR,South-East Asia,BGD,Bangladesh,,,,77.0,77,,
TB_hivtest_pct,TB patients with known HIV status (%),https://www.who.int/data/gho/data/indicators/indicator-details/GHO/tb-patients-with-known-hiv-status-%28-%29,2009,2009,2009,SEAR,South-East Asia,BGD,Bangladesh,,,,0.9,0.9,,
TB_e_inc_tbhiv_num,"Number of incident tuberculosis cases,  (HIV-positive cases)",https://www.who.int/data/gho/data/indicators/indicator-details/GHO/number-of-incident-tuberculosis-cases-%28hiv-positive-cases%29,2002,2002,2002,SEAR,South-East Asia,BGD,Bangladesh,,,,140.0,140 [73-240],73.0,240.0
TB_c_new_tsr,Treatment success rate: new TB cases,https://www.who.int/data/gho/data/indicators/indicator-details/GHO/treatment-success-rate-new-tb-cases,2015,2015,2015,SEAR,South-East Asia,BGD,Bangladesh,,,,93.0,93,,
TB_c_newinc,Tuberculosis - new and relapse cases,https://www.who.int/data/gho/data/indicators/indicator-details/GHO/tuberculosis---new-and-relapse-cases,2011,2011,2011,SEAR,South-East Asia,BGD,Bangladesh,,,,154358.0,154 358,,
TB_e_inc_tbhiv_num,"Number of incident tuberculosis cases,  (HIV-positive cases)",https://www.who.int/data/gho/data/indicators/indicator-details/GHO/number-of-incident-tuberculosis-cases-%28hiv-positive-cases%29,2004,2004,2004,SEAR,South-East Asia,BGD,Bangladesh,,,,230.0,230 [120-380],120.0,380.0
TB_hivtest_pos_pct,Tested TB patients HIV-positive (%),https://www.who.int/data/gho/data/indicators/indicator-details/GHO/tested-tb-patients-hiv-positive-%28-%29,2018,2018,2018,SEAR,South-East Asia,BGD,Bangladesh,,,,2.4,2.4,,
TB_c_xdr_tsr,Treatment success rate: XDR-TB cases,https://www.who.int/data/gho/data/indicators/indicator-details/GHO/estimated-xdr-tb-cases,2013,2013,2013,SEAR,South-East Asia,BGD,Bangladesh,,,,0.0,0,,
TB_e_inc_num,Number of incident tuberculosis cases,https://www.who.int/data/gho/data/indicators/indicator-details/GHO/number-of-incident-tuberculosis-cases,2009,2009,2009,SEAR,South-East Asia,BGD,Bangladesh,,,,334000.0,334 000 [243 000-439 000],243000.0,439000.0
TB_c_mdr_tsr,Treatment success rate for patients treated for MDR-TB (%),https://www.who.int/data/gho/data/indicators/indicator-details/GHO/treatment-success-rate-for-patients-treated-for-mdr-tb-%28-%29,2015,2015,2015,SEAR,South-East Asia,BGD,Bangladesh,,,,78.0,78,,
TB_c_mdr_tx,Cases started on MDR-TB treatment,https://www.who.int/data/gho/data/indicators/indicator-details/GHO/cases-started-on-mdr-tb-treatment,2023,2023,2023,SEAR,South-East Asia,BGD,Bangladesh,,,,2156.0,2156,,
TB_c_new_tsr,Treatment success rate: new TB cases,https://www.who.int/data/gho/data/indicators/indicator-details/GHO/treatment-success-rate-new-tb-cases,2001,2001,2001,SEAR,South-East Asia,BGD,Bangladesh,,,,83.0,83,,
TB_e_inc_tbhiv_100k,Incidence of tuberculosis (per 100 000 population) (HIV-positive cases),https://www.who.int/data/gho/data/indicators/indicator-details/GHO/incidence-of-tuberculosis-%28per-100-000-population%29-%28hiv-positive-cases%29,2012,2012,2012,SEAR,South-East Asia,BGD,Bangladesh,,,,0.42,0.42 [0.21-0.7],0.21,0.7
TB_c_ret_tsr,Treatment success rate: previously treated TB cases,https://www.who.int/data/gho/data/indicators/indicator-details/GHO/treatment-success-rate-previously-treated-tb-cases,2007,2007,2007,SEAR,South-East Asia,BGD,Bangladesh,,,,79.0,79,,
TB_e_inc_num,Number of incident tuberculosis cases,https://www.who.int/data/gho/data/indicators/indicator-details/GHO/number-of-incident-tuberculosis-cases,2008,2008,2008,SEAR,South-East Asia,BGD,Bangladesh,,,,331000.0,331 000 [241 000-435 000],241000.0,435000.0
TB_hivtest_pct,TB patients with known HIV status (%),https://www.who.int/data/gho/data/indicators/indicator-details/GHO/tb-patients-with-known-hiv-status-%28-%29,2018,2018,2018,SEAR,South-East Asia,BGD,Bangladesh,,,,1.0,1,,
TB_c_dst_rlt_ret_pct,Previously treated cases tested for RR-/MDR-TB (%),https://www.who.int/data/gho/data/indicators/indicator-details/GHO/previously-treated-cases-tested-for-rr--mdr-tb-%28-%29,2016,2016,2016,SEAR,South-East Asia,BGD,Bangladesh,,,,62.0,62,,
TB_hivtest_pct,TB patients with known HIV status (%),https://www.who.int/data/gho/data/indicators/indicator-details/GHO/tb-patients-with-known-hiv-status-%28-%29,2023,2023,2023,SEAR,South-East Asia,BGD,Bangladesh,,,,37.0,37,,
TB_e_inc_tbhiv_100k,Incidence of tuberculosis (per 100 000 population) (HIV-positive cases),https://www.who.int/data/gho/data/indicators/indicator-details/GHO/incidence-of-tuberculosis-%28per-100-000-population%29-%28hiv-positive-cases%29,2007,2007,2007,SEAR,South-East Asia,BGD,Bangladesh,,,,0.29,0.29 [0.14-0.47],0.14,0.47
TB_c_mdr_tsr,Treatment success rate for patients treated for MDR-TB (%),https://www.who.int/data/gho/data/indicators/indicator-details/GHO/treatment-success-rate-for-patients-treated-for-mdr-tb-%28-%29,2013,2013,2013,SEAR,South-East Asia,BGD,Bangladesh,,,,75.0,75,,
TB_c_mdr_tsr,Treatment success rate for patients treated for MDR-TB (%),https://www.who.int/data/gho/data/indicators/indicator-details/GHO/treatment-success-rate-for-patients-treated-for-mdr-tb-%28-%29,2011,2011,2011,SEAR,South-East Asia,BGD,Bangladesh,,,,68.0,68,,
TB_1,Tuberculosis treatment coverage,https://www.who.int/data/gho/data/indicators/indicator-details/GHO/tuberculosis-treatment-coverage,2008,2008,2008,SEAR,South-East Asia,BGD,Bangladesh,,,,46.0,46 [35-63],35.0,63.0
TB_e_inc_rr_num,Estimated number of MDR/RR-TB incident cases,https://www.who.int/data/gho/data/indicators/indicator-details/GHO/estimated-number-of-mdr-rr-tb-incident-cases,2023,2023,2023,SEAR,South-East Asia,BGD,Bangladesh,,,,2600.0,2600 [1800-3400],1800.0,3400.0
TB_hivtest_pos_pct,Tested TB patients HIV-positive (%),https://www.who.int/data/gho/data/indicators/indicator-details/GHO/tested-tb-patients-hiv-positive-%28-%29,2022,2022,2022,SEAR,South-East Asia,BGD,Bangladesh,,,,0.1,<0.1,,
TB_rr_mdr,Confirmed cases of RR-/MDR-TB,https://www.who.int/data/gho/data/indicators/indicator-details/GHO/confirmed-cases-of-rr--mdr-tb,2011,2011,2011,SEAR,South-East Asia,BGD,Bangladesh,,,,519.0,519,,
TB_e_inc_tbhiv_100k,Incidence of tuberculosis (per 100 000 population) (HIV-positive cases),https://www.who.int/data/gho/data/indicators/indicator-details/GHO/incidence-of-tuberculosis-%28per-100-000-population%29-%28hiv-positive-cases%29,2002,2002,2002,SEAR,South-East Asia,BGD,Bangladesh,,,,0.1,0.1 [0.05-0.17],0.05,0.17
TB_c_xdr_tsr,Treatment success rate: XDR-TB cases,https://www.who.int/data/gho/data/indicators/indicator-details/GHO/estimated-xdr-tb-cases,2021,2021,2021,SEAR,South-East Asia,BGD,Bangladesh,,,,74.0,74,,
TB_1,Tuberculosis treatment coverage,https://www.who.int/data/gho/data/indicators/indicator-details/GHO/tuberculosis-treatment-coverage,2004,2004,2004,SEAR,South-East Asia,BGD,Bangladesh,,,,31.0,31 [24-43],24.0,43.0
TB_hivtest_pos_pct,Tested TB patients HIV-positive (%),https://www.who.int/data/gho/data/indicators/indicator-details/GHO/tested-tb-patients-hiv-positive-%28-%29,2019,2019,2019,SEAR,South-East Asia,BGD,Bangladesh,,,,1.2,1.2,,
TB_c_newinc,Tuberculosis - new and relapse cases,https://www.who.int/data/gho/data/indicators/indicator-details/GHO/tuberculosis---new-and-relapse-cases,2008,2008,2008,SEAR,South-East Asia,BGD,Bangladesh,,,,151062.0,151 062,,
TB_hivtest_pos_pct,Tested TB patients HIV-positive (%),https://www.who.int/data/gho/data/indicators/indicator-details/GHO/tested-tb-patients-hiv-positive-%28-%29,2023,2023,2023,SEAR,South-East Asia,BGD,Bangladesh,,,,0.1,<0.1,,
TB_c_tbhiv_tsr,Treatment success rate: HIV-positive TB cases,https://www.who.int/data/gho/data/indicators/indicator-details/GHO/treatment-success-rate-hiv-positive-tb-cases,2019,2019,2019,SEAR,South-East Asia,BGD,Bangladesh,,,,71.0,71,,
TB_1,Tuberculosis treatment coverage,https://www.who.int/data/gho/data/indicators/indicator-details/GHO/tuberculosis-treatment-coverage,2009,2009,2009,SEAR,South-East Asia,BGD,Bangladesh,,,,48.0,48 [37-66],37.0,66.0
TB_e_inc_num,Number of incident tuberculosis cases,https://www.who.int/data/gho/data/indicators/indicator-details/GHO/number-of-incident-tuberculosis-cases,2019,2019,2019,SEAR,South-East Asia,BGD,Bangladesh,,,,365000.0,365 000 [265 000-480 000],265000.0,480000.0
TB_c_ret_tsr,Treatment success rate: previously treated TB cases,https://www.who.int/data/gho/data/indicators/indicator-details/GHO/treatment-success-rate-previously-treated-tb-cases,2009,2009,2009,SEAR,South-East Asia,BGD,Bangladesh,,,,81.0,81,,
TB_rr_mdr,Confirmed cases of RR-/MDR-TB,https://www.who.int/data/gho/data/indicators/indicator-details/GHO/confirmed-cases-of-rr--mdr-tb,2010,2010,2010,SEAR,South-East Asia,BGD,Bangladesh,,,,351.0,351,,
TB_c_new_tsr,Treatment success rate: new TB cases,https://www.who.int/data/gho/data/indicators/indicator-details/GHO/treatment-success-rate-new-tb-cases,2011,2011,2011,SEAR,South-East Asia,BGD,Bangladesh,,,,91.0,91,,
TB_c_mdr_tsr,Treatment success rate for patients treated for MDR-TB (%),https://www.who.int/data/gho/data/indicators/indicator-details/GHO/treatment-success-rate-for-patients-treated-for-mdr-tb-%28-%29,2022,2022,2022,SEAR,South-East Asia,BGD,Bangladesh,,,,78.0,78,,
TB_e_inc_num,Number of incident tuberculosis cases,https://www.who.int/data/gho/data/indicators/indicator-details/GHO/number-of-incident-tuberculosis-cases,2022,2022,2022,SEAR,South-East Asia,BGD,Bangladesh,,,,375000.0,375 000 [273 000-493 000],273000.0,493000.0
TB_c_tbhiv_tsr,Treatment success rate: HIV-positive TB cases,https://www.who.int/data/gho/data/indicators/indicator-details/GHO/treatment-success-rate-hiv-positive-tb-cases,2017,2017,2017,SEAR,South-East Asia,BGD,Bangladesh,,,,67.0,67,,
TB_rr_mdr,Confirmed cases of RR-/MDR-TB,https://www.who.int/data/gho/data/indicators/indicator-details/GHO/confirmed-cases-of-rr--mdr-tb,2017,2017,2017,SEAR,South-East Asia,BGD,Bangladesh,,,,944.0,944,,
TB_c_tbhiv_tsr,Treatment success rate: HIV-positive TB cases,https://www.who.int/data/gho/data/indicators/indicator-details/GHO/treatment-success-rate-hiv-positive-tb-cases,2018,2018,2018,SEAR,South-East Asia,BGD,Bangladesh,,,,64.0,64,,
TB_c_tbhiv_tsr,Treatment success rate: HIV-positive TB cases,https://www.who.int/data/gho/data/indicators/indicator-details/GHO/treatment-success-rate-hiv-positive-tb-cases,2013,2013,2013,SEAR,South-East Asia,BGD,Bangladesh,,,,75.0,75,,
TB_c_dst_rlt_ret_pct,Previously treated cases tested for RR-/MDR-TB (%),https://www.who.int/data/gho/data/indicators/indicator-details/GHO/previously-treated-cases-tested-for-rr--mdr-tb-%28-%29,2015,2015,2015,SEAR,South-East Asia,BGD,Bangladesh,,,,63.0,63,,
TB_hivtest_pos_pct,Tested TB patients HIV-positive (%),https://www.who.int/data/gho/data/indicators/indicator-details/GHO/tested-tb-patients-hiv-positive-%28-%29,2020,2020,2020,SEAR,South-East Asia,BGD,Bangladesh,,,,1.3,1.3,,
TB_c_newinc,Tuberculosis - new and relapse cases,https://www.who.int/data/gho/data/indicators/indicator-details/GHO/tuberculosis---new-and-relapse-cases,2006,2006,2006,SEAR,South-East Asia,BGD,Bangladesh,,,,145186.0,145 186,,
TB_e_inc_tbhiv_num,"Number of incident tuberculosis cases,  (HIV-positive cases)",https://www.who.int/data/gho/data/indicators/indicator-details/GHO/number-of-incident-tuberculosis-cases-%28hiv-positive-cases%29,2020,2020,2020,SEAR,South-East Asia,BGD,Bangladesh,,,,720.0,720 [360-1200],360.0,1200.0
TB_c_mdr_tsr,Treatment success rate for patients treated for MDR-TB (%),https://www.who.int/data/gho/data/indicators/indicator-details/GHO/treatment-success-rate-for-patients-treated-for-mdr-tb-%28-%29,2018,2018,2018,SEAR,South-East Asia,BGD,Bangladesh,,,,74.0,74,,
TB_c_ret_tsr,Treatment success rate: previously treated TB cases,https://www.who.int/data/gho/data/indicators/indicator-details/GHO/treatment-success-rate-previously-treated-tb-cases,1998,1998,1998,SEAR,South-East Asia,BGD,Bangladesh,,,,74.0,74,,
TB_e_inc_rr_num,Estimated number of MDR/RR-TB incident cases,https://www.who.int/data/gho/data/indicators/indicator-details/GHO/estimated-number-of-mdr-rr-tb-incident-cases,2024,2024,2024,SEAR,South-East Asia,BGD,Bangladesh,,,,2400.0,2400 [1700-3200],1700.0,3200.0
TB_e_inc_tbhiv_100k,Incidence of tuberculosis (per 100 000 population) (HIV-positive cases),https://www.who.int/data/gho/data/indicators/indicator-details/GHO/incidence-of-tuberculosis-%28per-100-000-population%29-%28hiv-positive-cases%29,2004,2004,2004,SEAR,South-East Asia,BGD,Bangladesh,,,,0.16,0.16 [0.08-0.27],0.08,0.27
TB_c_mdr_tsr,Treatment success rate for patients treated for MDR-TB (%),https://www.who.int/data/gho/data/indicators/indicator-details/GHO/treatment-success-rate-for-patients-treated-for-mdr-tb-%28-%29,2016,2016,2016,SEAR,South-East Asia,BGD,Bangladesh,,,,78.0,78,,
TB_c_new_tsr,Treatment success rate: new TB cases,https://www.who.int/data/gho/data/indicators/indicator-details/GHO/treatment-success-rate-new-tb-cases,2005,2005,2005,SEAR,South-East Asia,BGD,Bangladesh,,,,90.0,90,,
TB_c_mdr_tsr,Treatment success rate for patients treated for MDR-TB (%),https://www.who.int/data/gho/data/indicators/indicator-details/GHO/treatment-success-rate-for-patients-treated-for-mdr-tb-%28-%29,2021,2021,2021,SEAR,South-East Asia,BGD,Bangladesh,,,,77.0,77,,
TB_c_ret_tsr,Treatment success rate: previously treated TB cases,https://www.who.int/data/gho/data/indicators/indicator-details/GHO/treatment-success-rate-previously-treated-tb-cases,2012,2012,2012,SEAR,South-East Asia,BGD,Bangladesh,,,,82.0,82,,
TB_e_inc_tbhiv_num,"Number of incident tuberculosis cases,  (HIV-positive cases)",https://www.who.int/data/gho/data/indicators/indicator-details/GHO/number-of-incident-tuberculosis-cases-%28hiv-positive-cases%29,2010,2010,2010,SEAR,South-East Asia,BGD,Bangladesh,,,,570.0,570 [290-940],290.0,940.0
TB_1,Tuberculosis treatment coverage,https://www.who.int/data/gho/data/indicators/indicator-details/GHO/tuberculosis-treatment-coverage,2013,2013,2013,SEAR,South-East Asia,BGD,Bangladesh,,,,53.0,53 [41-73],41.0,73.0
TB_c_dst_rlt_ret_pct,Previously treated cases tested for RR-/MDR-TB (%),https://www.who.int/data/gho/data/indicators/indicator-details/GHO/previously-treated-cases-tested-for-rr--mdr-tb-%28-%29,2018,2018,2018,SEAR,South-East Asia,BGD,Bangladesh,,,,98.0,98,,
TB_c_mdr_tx,Cases started on MDR-TB treatment,https://www.who.int/data/gho/data/indicators/indicator-details/GHO/cases-started-on-mdr-tb-treatment,2011,2011,2011,SEAR,South-East Asia,BGD,Bangladesh,,,,390.0,390,,
TB_c_ret_tsr,Treatment success rate: previously treated TB cases,https://www.who.int/data/gho/data/indicators/indicator-details/GHO/treatment-success-rate-previously-treated-tb-cases,2015,2015,2015,SEAR,South-East Asia,BGD,Bangladesh,,,,86.0,86,,
MDG_0000000020,Incidence of tuberculosis (per 100 000 population per year),https://www.who.int/data/gho/data/indicators/indicator-details/GHO/incidence-of-tuberculosis-%28per-100-000-population-per-year%29,2001,2001,2001,SEAR,South-East Asia,BGD,Bangladesh,,,,221.0,221 [161-291],161.0,291.0
TB_c_xdr_tsr,Treatment success rate: XDR-TB cases,https://www.who.int/data/gho/data/indicators/indicator-details/GHO/estimated-xdr-tb-cases,2018,2018,2018,SEAR,South-East Asia,BGD,Bangladesh,,,,86.0,86,,
TB_e_inc_tbhiv_100k,Incidence of tuberculosis (per 100 000 population) (HIV-positive cases),https://www.who.int/data/gho/data/indicators/indicator-details/GHO/incidence-of-tuberculosis-%28per-100-000-population%29-%28hiv-positive-cases%29,2008,2008,2008,SEAR,South-East Asia,BGD,Bangladesh,,,,0.32,0.32 [0.16-0.52],0.16,0.52
MDG_0000000020,Incidence of tuberculosis (per 100 000 population per year),https://www.who.int/data/gho/data/indicators/indicator-details/GHO/incidence-of-tuberculosis-%28per-100-000-population-per-year%29,2024,2024,2024,SEAR,South-East Asia,BGD,Bangladesh,,,,221.0,221 [161-291],161.0,291.0
TB_hivtest_pos_pct,Tested TB patients HIV-positive (%),https://www.who.int/data/gho/data/indicators/indicator-details/GHO/tested-tb-patients-hiv-positive-%28-%29,2021,2021,2021,SEAR,South-East Asia,BGD,Bangladesh,,,,0.54,0.54,,
TB_e_inc_tbhiv_100k,Incidence of tuberculosis (per 100 000 population) (HIV-positive cases),https://www.who.int/data/gho/data/indicators/indicator-details/GHO/incidence-of-tuberculosis-%28per-100-000-population%29-%28hiv-positive-cases%29,2001,2001,2001,SEAR,South-East Asia,BGD,Bangladesh,,,,0.09,0.09 [0.04-0.14],0.04,0.14
TB_c_tbhiv_tsr,Treatment success rate: HIV-positive TB cases,https://www.who.int/data/gho/data/indicators/indicator-details/GHO/treatment-success-rate-hiv-positive-tb-cases,2009,2009,2009,SEAR,South-East Asia,BGD,Bangladesh,,,,91.0,91,,
TB_e_inc_rr_num,Estimated number of MDR/RR-TB incident cases,https://www.who.int/data/gho/data/indicators/indicator-details/GHO/estimated-number-of-mdr-rr-tb-incident-cases,2018,2018,2018,SEAR,South-East Asia,BGD,Bangladesh,,,,3500.0,3500 [2100-5000],2100.0,5000.0
TB_1,Tuberculosis treatment coverage,https://www.who.int/data/gho/data/indicators/indicator-details/GHO/tuberculosis-treatment-coverage,2003,2003,2003,SEAR,South-East Asia,BGD,Bangladesh,,,,28.0,28 [22-39],22.0,39.0
TB_hivtest_pct,TB patients with known HIV status (%),https://www.who.int/data/gho/data/indicators/indicator-details/GHO/tb-patients-with-known-hiv-status-%28-%29,2024,2024,2024,SEAR,South-East Asia,BGD,Bangladesh,,,,22.0,22,,
TB_c_newinc,Tuberculosis - new and relapse cases,https://www.who.int/data/gho/data/indicators/indicator-details/GHO/tuberculosis---new-and-relapse-cases,2015,2015,2015,SEAR,South-East Asia,BGD,Bangladesh,,,,206915.0,206 915,,
TB_hivtest_pos_pct,Tested TB patients HIV-positive (%),https://www.who.int/data/gho/data/indicators/indicator-details/GHO/tested-tb-patients-hiv-positive-%28-%29,2013,2013,2013,SEAR,South-East Asia,BGD,Bangladesh,,,,3.3,3.3,,
MDG_0000000020,Incidence of tuberculosis (per 100 000 population per year),https://www.who.int/data/gho/data/indicators/indicator-details/GHO/incidence-of-tuberculosis-%28per-100-000-population-per-year%29,2008,2008,2008,SEAR,South-East Asia,BGD,Bangladesh,,,,221.0,221 [161-291],161.0,291.0
MDG_0000000020,Incidence of tuberculosis (per 100 000 population per year),https://www.who.int/data/gho/data/indicators/indicator-details/GHO/incidence-of-tuberculosis-%28per-100-000-population-per-year%29,2011,2011,2011,SEAR,South-East Asia,BGD,Bangladesh,,,,221.0,221 [161-291],161.0,291.0
TB_e_inc_rr_num,Estimated number of MDR/RR-TB incident cases,https://www.who.int/data/gho/data/indicators/indicator-details/GHO/estimated-number-of-mdr-rr-tb-incident-cases,2017,2017,2017,SEAR,South-East Asia,BGD,Bangladesh,,,,3800.0,3800 [2200-5400],2200.0,5400.0
TB_c_dst_rlt_new_pct,New cases tested for RR-/MDR-TB (%),https://www.who.int/data/gho/data/indicators/indicator-details/GHO/new-cases-tested-for-rr--mdr-tb-%28-%29,2017,2017,2017,SEAR,South-East Asia,BGD,Bangladesh,,,,29.0,29,,
TB_e_inc_tbhiv_num,"Number of incident tuberculosis cases,  (HIV-positive cases)",https://www.who.int/data/gho/data/indicators/indicator-details/GHO/number-of-incident-tuberculosis-cases-%28hiv-positive-cases%29,2015,2015,2015,SEAR,South-East Asia,BGD,Bangladesh,,,,670.0,670 [340-1100],340.0,1100.0
TB_e_inc_num,Number of incident tuberculosis cases,https://www.who.int/data/gho/data/indicators/indicator-details/GHO/number-of-incident-tuberculosis-cases,2006,2006,2006,SEAR,South-East Asia,BGD,Bangladesh,,,,324000.0,324 000 [236 000-426 000],236000.0,426000.0
TB_1,Tuberculosis treatment coverage,https://www.who.int/data/gho/data/indicators/indicator-details/GHO/tuberculosis-treatment-coverage,2001,2001,2001,SEAR,South-East Asia,BGD,Bangladesh,,,,25.0,25 [19-35],19.0,35.0
TB_e_inc_tbhiv_num,"Number of incident tuberculosis cases,  (HIV-positive cases)",https://www.who.int/data/gho/data/indicators/indicator-details/GHO/number-of-incident-tuberculosis-cases-%28hiv-positive-cases%29,2019,2019,2019,SEAR,South-East Asia,BGD,Bangladesh,,,,710.0,710 [360-1200],360.0,1200.0
TB_1,Tuberculosis treatment coverage,https://www.who.int/data/gho/data/indicators/indicator-details/GHO/tuberculosis-treatment-coverage,2000,2000,2000,SEAR,South-East Asia,BGD,Bangladesh,,,,25.0,25 [19-35],19.0,35.0
TB_e_inc_num,Number of incident tuberculosis cases,https://www.who.int/data/gho/data/indicators/indicator-details/GHO/number-of-incident-tuberculosis-cases,2005,2005,2005,SEAR,South-East Asia,BGD,Bangladesh,,,,320000.0,320 000 [233 000-421 000],233000.0,421000.0
TB_e_inc_tbhiv_100k,Incidence of tuberculosis (per 100 000 population) (HIV-positive cases),https://www.who.int/data/gho/data/indicators/indicator-details/GHO/incidence-of-tuberculosis-%28per-100-000-population%29-%28hiv-positive-cases%29,2022,2022,2022,SEAR,South-East Asia,BGD,Bangladesh,,,,0.43,0.43 [0.22-0.71],0.22,0.71
TB_e_inc_tbhiv_num,"Number of incident tuberculosis cases,  (HIV-positive cases)",https://www.who.int/data/gho/data/indicators/indicator-details/GHO/number-of-incident-tuberculosis-cases-%28hiv-positive-cases%29,2017,2017,2017,SEAR,South-East Asia,BGD,Bangladesh,,,,690.0,690 [350-1100],350.0,1100.0
TB_hivtest_pct,TB patients with known HIV status (%),https://www.who.int/data/gho/data/indicators/indicator-details/GHO/tb-patients-with-known-hiv-status-%28-%29,2008,2008,2008,SEAR,South-East Asia,BGD,Bangladesh,,,,0.1,<0.1,,
MDG_0000000020,Incidence of tuberculosis (per 100 000 population per year),https://www.who.int/data/gho/data/indicators/indicator-details/GHO/incidence-of-tuberculosis-%28per-100-000-population-per-year%29,2009,2009,2009,SEAR,South-East Asia,BGD,Bangladesh,,,,221.0,221 [161-291],161.0,291.0
TB_c_newinc,Tuberculosis - new and relapse cases,https://www.who.int/data/gho/data/indicators/indicator-details/GHO/tuberculosis---new-and-relapse-cases,2013,2013,2013,SEAR,South-East Asia,BGD,Bangladesh,,,,184506.0,184 506,,
MDG_0000000020,Incidence of tuberculosis (per 100 000 population per year),https://www.who.int/data/gho/data/indicators/indicator-details/GHO/incidence-of-tuberculosis-%28per-100-000-population-per-year%29,2016,2016,2016,SEAR,South-East Asia,BGD,Bangladesh,,,,221.0,221 [161-291],161.0,291.0
TB_c_new_tsr,Treatment success rate: new TB cases,https://www.who.int/data/gho/data/indicators/indicator-details/GHO/treatment-success-rate-new-tb-cases,1997,1997,1997,SEAR,South-East Asia,BGD,Bangladesh,,,,73.0,73,,
TB_c_mdr_tx,Cases started on MDR-TB treatment,https://www.who.int/data/gho/data/indicators/indicator-details/GHO/cases-started-on-mdr-tb-treatment,2013,2013,2013,SEAR,South-East Asia,BGD,Bangladesh,,,,684.0,684,,
TB_c_ret_tsr,Treatment success rate: previously treated TB cases,https://www.who.int/data/gho/data/indicators/indicator-details/GHO/treatment-success-rate-previously-treated-tb-cases,2023,2023,2023,SEAR,South-East Asia,BGD,Bangladesh,,,,90.0,90,,
TB_hivtest_pct,TB patients with known HIV status (%),https://www.who.int/data/gho/data/indicators/indicator-details/GHO/tb-patients-with-known-hiv-status-%28-%29,2015,2015,2015,SEAR,South-East Asia,BGD,Bangladesh,,,,0.28,0.28,,
TB_c_dst_rlt_ret_pct,Previously treated cases tested for RR-/MDR-TB (%),https://www.who.int/data/gho/data/indicators/indicator-details/GHO/previously-treated-cases-tested-for-rr--mdr-tb-%28-%29,2014,2014,2014,SEAR,South-East Asia,BGD,Bangladesh,,,,51.0,51,,
TB_c_new_tsr,Treatment success rate: new TB cases,https://www.who.int/data/gho/data/indicators/indicator-details/GHO/treatment-success-rate-new-tb-cases,2000,2000,2000,SEAR,South-East Asia,BGD,Bangladesh,,,,81.0,81,,
TB_c_dst_rlt_new_pct,New cases tested for RR-/MDR-TB (%),https://www.who.int/data/gho/data/indicators/indicator-details/GHO/new-cases-tested-for-rr--mdr-tb-%28-%29,2011,2011,2011,SEAR,South-East Asia,BGD,Bangladesh,,,,0.1,<0.1,,
TB_e_inc_tbhiv_num,"Number of incident tuberculosis cases,  (HIV-positive cases)",https://www.who.int/data/gho/data/indicators/indicator-details/GHO/number-of-incident-tuberculosis-cases-%28hiv-positive-cases%29,2000,2000,2000,SEAR,South-East Asia,BGD,Bangladesh,,,,100.0,100 [52-170],52.0,170.0
TB_c_dst_rlt_ret_pct,Previously treated cases tested for RR-/MDR-TB (%),https://www.who.int/data/gho/data/indicators/indicator-details/GHO/previously-treated-cases-tested-for-rr--mdr-tb-%28-%29,2019,2019,2019,SEAR,South-East Asia,BGD,Bangladesh,,,,98.0,98,,
TB_c_new_tsr,Treatment success rate: new TB cases,https://www.who.int/data/gho/data/indicators/indicator-details/GHO/treatment-success-rate-new-tb-cases,2023,2023,2023,SEAR,South-East Asia,BGD,Bangladesh,,,,96.0,96,,
TB_c_dst_rlt_ret_pct,Previously treated cases tested for RR-/MDR-TB (%),https://www.who.int/data/gho/data/indicators/indicator-details/GHO/previously-treated-cases-tested-for-rr--mdr-tb-%28-%29,2017,2017,2017,SEAR,South-East Asia,BGD,Bangladesh,,,,63.0,63,,
TB_e_inc_num,Number of incident tuberculosis cases,https://www.who.int/data/gho/data/indicators/indicator-details/GHO/number-of-incident-tuberculosis-cases,2010,2010,2010,SEAR,South-East Asia,BGD,Bangladesh,,,,337000.0,337 000 [245 000-443 000],245000.0,443000.0
TB_1,Tuberculosis treatment coverage,https://www.who.int/data/gho/data/indicators/indicator-details/GHO/tuberculosis-treatment-coverage,2022,2022,2022,SEAR,South-East Asia,BGD,Bangladesh,,,,70.0,70 [53-96],53.0,96.0
TB_c_newinc,Tuberculosis - new and relapse cases,https://www.who.int/data/gho/data/indicators/indicator-details/GHO/tuberculosis---new-and-relapse-cases,2021,2021,2021,SEAR,South-East Asia,BGD,Bangladesh,,,,306701.0,306 701,,
TB_c_dst_rlt_new_pct,New cases tested for RR-/MDR-TB (%),https://www.who.int/data/gho/data/indicators/indicator-details/GHO/new-cases-tested-for-rr--mdr-tb-%28-%29,2013,2013,2013,SEAR,South-East Asia,BGD,Bangladesh,,,,0.42,0.42,,
TB_1,Tuberculosis treatment coverage,https://www.who.int/data/gho/data/indicators/indicator-details/GHO/tuberculosis-treatment-coverage,2010,2010,2010,SEAR,South-East Asia,BGD,Bangladesh,,,,46.0,46 [35-63],35.0,63.0
TB_hivtest_pos_pct,Tested TB patients HIV-positive (%),https://www.who.int/data/gho/data/indicators/indicator-details/GHO/tested-tb-patients-hiv-positive-%28-%29,2010,2010,2010,SEAR,South-East Asia,BGD,Bangladesh,,,,0.22,0.22,,
TB_e_inc_tbhiv_num,"Number of incident tuberculosis cases,  (HIV-positive cases)",https://www.who.int/data/gho/data/indicators/indicator-details/GHO/number-of-incident-tuberculosis-cases-%28hiv-positive-cases%29,2011,2011,2011,SEAR,South-East Asia,BGD,Bangladesh,,,,610.0,610 [310-1000],310.0,1000.0
TB_c_xdr_tsr,Treatment success rate: XDR-TB cases,https://www.who.int/data/gho/data/indicators/indicator-details/GHO/estimated-xdr-tb-cases,2020,2020,2020,SEAR,South-East Asia,BGD,Bangladesh,,,,46.0,46,,
TB_e_inc_tbhiv_num,"Number of incident tuberculosis cases,  (HIV-positive cases)",https://www.who.int/data/gho/data/indicators/indicator-details/GHO/number-of-incident-tuberculosis-cases-%28hiv-positive-cases%29,2023,2023,2023,SEAR,South-East Asia,BGD,Bangladesh,,,,740.0,740 [380-1200],380.0,1200.0
TB_c_mdr_tsr,Treatment success rate for patients treated for MDR-TB (%),https://www.who.int/data/gho/data/indicators/indicator-details/GHO/treatment-success-rate-for-patients-treated-for-mdr-tb-%28-%29,2020,2020,2020,SEAR,South-East Asia,BGD,Bangladesh,,,,73.0,73,,
TB_c_dst_rlt_new_pct,New cases tested for RR-/MDR-TB (%),https://www.who.int/data/gho/data/indicators/indicator-details/GHO/new-cases-tested-for-rr--mdr-tb-%28-%29,2014,2014,2014,SEAR,South-East Asia,BGD,Bangladesh,,,,12.0,12,,
TB_e_inc_rr_num,Estimated number of MDR/RR-TB incident cases,https://www.who.int/data/gho/data/indicators/indicator-details/GHO/estimated-number-of-mdr-rr-tb-incident-cases,2019,2019,2019,SEAR,South-East Asia,BGD,Bangladesh,,,,3300.0,3300 [2100-4600],2100.0,4600.0
TB_c_newinc,Tuberculosis - new and relapse cases,https://www.who.int/data/gho/data/indicators/indicator-details/GHO/tuberculosis---new-and-relapse-cases,2003,2003,2003,SEAR,South-East Asia,BGD,Bangladesh,,,,88156.0,88 156,,
TB_c_dst_rlt_ret_pct,Previously treated cases tested for RR-/MDR-TB (%),https://www.who.int/data/gho/data/indicators/indicator-details/GHO/previously-treated-cases-tested-for-rr--mdr-tb-%28-%29,2022,2022,2022,SEAR,South-East Asia,BGD,Bangladesh,,,,100.0,100,,
TB_e_inc_tbhiv_100k,Incidence of tuberculosis (per 100 000 population) (HIV-positive cases),https://www.who.int/data/gho/data/indicators/indicator-details/GHO/incidence-of-tuberculosis-%28per-100-000-population%29-%28hiv-positive-cases%29,2015,2015,2015,SEAR,South-East Asia,BGD,Bangladesh,,,,0.42,0.42 [0.21-0.69],0.21,0.69
TB_e_inc_num,Number of incident tuberculosis cases,https://www.who.int/data/gho/data/indicators/indicator-details/GHO/number-of-incident-tuberculosis-cases,2017,2017,2017,SEAR,South-East Asia,BGD,Bangladesh,,,,359000.0,359 000 [261 000-472 000],261000.0,472000.0
TB_c_newinc,Tuberculosis - new and relapse cases,https://www.who.int/data/gho/data/indicators/indicator-details/GHO/tuberculosis---new-and-relapse-cases,2023,2023,2023,SEAR,South-East Asia,BGD,Bangladesh,,,,302813.0,302 813,,
TB_hivtest_pos_pct,Tested TB patients HIV-positive (%),https://www.who.int/data/gho/data/indicators/indicator-details/GHO/tested-tb-patients-hiv-positive-%28-%29,2009,2009,2009,SEAR,South-East Asia,BGD,Bangladesh,,,,0.1,<0.1,,
TB_e_inc_tbhiv_num,"Number of incident tuberculosis cases,  (HIV-positive cases)",https://www.who.int/data/gho/data/indicators/indicator-details/GHO/number-of-incident-tuberculosis-cases-%28hiv-positive-cases%29,2014,2014,2014,SEAR,South-East Asia,BGD,Bangladesh,,,,670.0,670 [340-1100],340.0,1100.0
TB_c_dst_rlt_ret_pct,Previously treated cases tested for RR-/MDR-TB (%),https://www.who.int/data/gho/data/indicators/indicator-details/GHO/previously-treated-cases-tested-for-rr--mdr-tb-%28-%29,2011,2011,2011,SEAR,South-East Asia,BGD,Bangladesh,,,,10.0,10,,
TB_hivtest_pct,TB patients with known HIV status (%),https://www.who.int/data/gho/data/indicators/indicator-details/GHO/tb-patients-with-known-hiv-status-%28-%29,2021,2021,2021,SEAR,South-East Asia,BGD,Bangladesh,,,,6.4,6.4,,
TB_1,Tuberculosis treatment coverage,https://www.who.int/data/gho/data/indicators/indicator-details/GHO/tuberculosis-treatment-coverage,2020,2020,2020,SEAR,South-East Asia,BGD,Bangladesh,,,,63.0,63 [48-86],48.0,86.0
TB_c_new_tsr,Treatment success rate: new TB cases,https://www.who.int/data/gho/data/indicators/indicator-details/GHO/treatment-success-rate-new-tb-cases,2013,2013,2013,SEAR,South-East Asia,BGD,Bangladesh,,,,93.0,93,,
TB_e_inc_num,Number of incident tuberculosis cases,https://www.who.int/data/gho/data/indicators/indicator-details/GHO/number-of-incident-tuberculosis-cases,2016,2016,2016,SEAR,South-East Asia,BGD,Bangladesh,,,,356000.0,356 000 [259 000-468 000],259000.0,468000.0
TB_c_dst_rlt_new_pct,New cases tested for RR-/MDR-TB (%),https://www.who.int/data/gho/data/indicators/indicator-details/GHO/new-cases-tested-for-rr--mdr-tb-%28-%29,2012,2012,2012,SEAR,South-East Asia,BGD,Bangladesh,,,,0.1,<0.1,,
TB_c_ret_tsr,Treatment success rate: previously treated TB cases,https://www.who.int/data/gho/data/indicators/indicator-details/GHO/treatment-success-rate-previously-treated-tb-cases,2011,2011,2011,SEAR,South-East Asia,BGD,Bangladesh,,,,82.0,82,,
TB_c_dst_rlt_new_pct,New cases tested for RR-/MDR-TB (%),https://www.who.int/data/gho/data/indicators/indicator-details/GHO/new-cases-tested-for-rr--mdr-tb-%28-%29,2021,2021,2021,SEAR,South-East Asia,BGD,Bangladesh,,,,44.0,44,,
TB_c_ret_tsr,Treatment success rate: previously treated TB cases,https://www.who.int/data/gho/data/indicators/indicator-details/GHO/treatment-success-rate-previously-treated-tb-cases,2005,2005,2005,SEAR,South-East Asia,BGD,Bangladesh,,,,80.0,80,,
TB_c_newinc,Tuberculosis - new and relapse cases,https://www.who.int/data/gho/data/indicators/indicator-details/GHO/tuberculosis---new-and-relapse-cases,2007,2007,2007,SEAR,South-East Asia,BGD,Bangladesh,,,,147342.0,147 342,,
TB_1,Tuberculosis treatment coverage,https://www.who.int/data/gho/data/indicators/indicator-details/GHO/tuberculosis-treatment-coverage,2011,2011,2011,SEAR,South-East Asia,BGD,Bangladesh,,,,45.0,45 [35-62],35.0,62.0
TB_c_mdr_tx,Cases started on MDR-TB treatment,https://www.who.int/data/gho/data/indicators/indicator-details/GHO/cases-started-on-mdr-tb-treatment,2016,2016,2016,SEAR,South-East Asia,BGD,Bangladesh,,,,918.0,918,,
TB_e_inc_num,Number of incident tuberculosis cases,https://www.who.int/data/gho/data/indicators/indicator-details/GHO/number-of-incident-tuberculosis-cases,2014,2014,2014,SEAR,South-East Asia,BGD,Bangladesh,,,,349000.0,349 000 [254 000-459 000],254000.0,459000.0
TB_c_tbhiv_tsr,Treatment success rate: HIV-positive TB cases,https://www.who.int/data/gho/data/indicators/indicator-details/GHO/treatment-success-rate-hiv-positive-tb-cases,2011,2011,2011,SEAR,South-East Asia,BGD,Bangladesh,,,,66.0,66,,
TB_hivtest_pct,TB patients with known HIV status (%),https://www.who.int/data/gho/data/indicators/indicator-details/GHO/tb-patients-with-known-hiv-status-%28-%29,2010,2010,2010,SEAR,South-East Asia,BGD,Bangladesh,,,,1.1,1.1,,
TB_1,Tuberculosis treatment coverage,https://www.who.int/data/gho/data/indicators/indicator-details/GHO/tuberculosis-treatment-coverage,2007,2007,2007,SEAR,South-East Asia,BGD,Bangladesh,,,,45.0,45 [34-62],34.0,62.0
TB_c_tbhiv_tsr,Treatment success rate: HIV-positive TB cases,https://www.who.int/data/gho/data/indicators/indicator-details/GHO/treatment-success-rate-hiv-positive-tb-cases,2014,2014,2014,SEAR,South-East Asia,BGD,Bangladesh,,,,62.0,62,,
TB_e_inc_tbhiv_100k,Incidence of tuberculosis (per 100 000 population) (HIV-positive cases),https://www.who.int/data/gho/data/indicators/indicator-details/GHO/incidence-of-tuberculosis-%28per-100-000-population%29-%28hiv-positive-cases%29,2009,2009,2009,SEAR,South-East Asia,BGD,Bangladesh,,,,0.35,0.35 [0.18-0.57],0.18,0.57
MDG_0000000020,Incidence of tuberculosis (per 100 000 population per year),https://www.who.int/data/gho/data/indicators/indicator-details/GHO/incidence-of-tuberculosis-%28per-100-000-population-per-year%29,2021,2021,2021,SEAR,South-East Asia,BGD,Bangladesh,,,,221.0,221 [161-291],161.0,291.0
TB_1,Tuberculosis treatment coverage,https://www.who.int/data/gho/data/indicators/indicator-details/GHO/tuberculosis-treatment-coverage,2002,2002,2002,SEAR,South-East Asia,BGD,Bangladesh,,,,27.0,27 [21-37],21.0,37.0
TB_hivtest_pos_pct,Tested TB patients HIV-positive (%),https://www.who.int/data/gho/data/indicators/indicator-details/GHO/tested-tb-patients-hiv-positive-%28-%29,2008,2008,2008,SEAR,South-East Asia,BGD,Bangladesh,,,,100.0,100,,
MDG_0000000020,Incidence of tuberculosis (per 100 000 population per year),https://www.who.int/data/gho/data/indicators/indicator-details/GHO/incidence-of-tuberculosis-%28per-100-000-population-per-year%29,2018,2018,2018,SEAR,South-East Asia,BGD,Bangladesh,,,,221.0,221 [161-291],161.0,291.0
TB_e_inc_rr_num,Estimated number of MDR/RR-TB incident cases,https://www.who.int/data/gho/data/indicators/indicator-details/GHO/estimated-number-of-mdr-rr-tb-incident-cases,2022,2022,2022,SEAR,South-East Asia,BGD,Bangladesh,,,,2700.0,2700 [1900-3600],1900.0,3600.0
TB_c_ret_tsr,Treatment success rate: previously treated TB cases,https://www.who.int/data/gho/data/indicators/indicator-details/GHO/treatment-success-rate-previously-treated-tb-cases,2022,2022,2022,SEAR,South-East Asia,BGD,Bangladesh,,,,90.0,90,,
TB_c_newinc,Tuberculosis - new and relapse cases,https://www.who.int/data/gho/data/indicators/indicator-details/GHO/tuberculosis---new-and-relapse-cases,2004,2004,2004,SEAR,South-East Asia,BGD,Bangladesh,,,,98336.0,98 336,,
TB_rr_mdr,Confirmed cases of RR-/MDR-TB,https://www.who.int/data/gho/data/indicators/indicator-details/GHO/confirmed-cases-of-rr--mdr-tb,2023,2023,2023,SEAR,South-East Asia,BGD,Bangladesh,,,,2842.0,2842,,
TB_c_new_tsr,Treatment success rate: new TB cases,https://www.who.int/data/gho/data/indicators/indicator-details/GHO/treatment-success-rate-new-tb-cases,2003,2003,2003,SEAR,South-East Asia,BGD,Bangladesh,,,,85.0,85,,
TB_hivtest_pos_pct,Tested TB patients HIV-positive (%),https://www.who.int/data/gho/data/indicators/indicator-details/GHO/tested-tb-patients-hiv-positive-%28-%29,2014,2014,2014,SEAR,South-East Asia,BGD,Bangladesh,,,,4.1,4.1,,
TB_e_inc_rr_num,Estimated number of MDR/RR-TB incident cases,https://www.who.int/data/gho/data/indicators/indicator-details/GHO/estimated-number-of-mdr-rr-tb-incident-cases,2021,2021,2021,SEAR,South-East Asia,BGD,Bangladesh,,,,2900.0,2900 [1900-3900],1900.0,3900.0
TB_c_mdr_tx,Cases started on MDR-TB treatment,https://www.who.int/data/gho/data/indicators/indicator-details/GHO/cases-started-on-mdr-tb-treatment,2009,2009,2009,SEAR,South-East Asia,BGD,Bangladesh,,,,352.0,352,,
TB_c_new_tsr,Treatment success rate: new TB cases,https://www.who.int/data/gho/data/indicators/indicator-details/GHO/treatment-success-rate-new-tb-cases,2010,2010,2010,SEAR,South-East Asia,BGD,Bangladesh,,,,91.0,91,,
TB_e_inc_tbhiv_num,"Number of incident tuberculosis cases,  (HIV-positive cases)",https://www.who.int/data/gho/data/indicators/indicator-details/GHO/number-of-incident-tuberculosis-cases-%28hiv-positive-cases%29,2013,2013,2013,SEAR,South-East Asia,BGD,Bangladesh,,,,670.0,670 [340-1100],340.0,1100.0
TB_e_inc_tbhiv_100k,Incidence of tuberculosis (per 100 000 population) (HIV-positive cases),https://www.who.int/data/gho/data/indicators/indicator-details/GHO/incidence-of-tuberculosis-%28per-100-000-population%29-%28hiv-positive-cases%29,2021,2021,2021,SEAR,South-East Asia,BGD,Bangladesh,,,,0.43,0.43 [0.22-0.71],0.22,0.71
TB_c_dst_rlt_new_pct,New cases tested for RR-/MDR-TB (%),https://www.who.int/data/gho/data/indicators/indicator-details/GHO/new-cases-tested-for-rr--mdr-tb-%28-%29,2020,2020,2020,SEAR,South-East Asia,BGD,Bangladesh,,,,35.0,35,,
TB_1,Tuberculosis treatment coverage,https://www.who.int/data/gho/data/indicators/indicator-details/GHO/tuberculosis-treatment-coverage,2021,2021,2021,SEAR,South-East Asia,BGD,Bangladesh,,,,83.0,83 [63-110],63.0,110.0
TB_e_inc_tbhiv_100k,Incidence of tuberculosis (per 100 000 population) (HIV-positive cases),https://www.who.int/data/gho/data/indicators/indicator-details/GHO/incidence-of-tuberculosis-%28per-100-000-population%29-%28hiv-positive-cases%29,2018,2018,2018,SEAR,South-East Asia,BGD,Bangladesh,,,,0.43,0.43 [0.22-0.71],0.22,0.71
MDG_0000000020,Incidence of tuberculosis (per 100 000 population per year),https://www.who.int/data/gho/data/indicators/indicator-details/GHO/incidence-of-tuberculosis-%28per-100-000-population-per-year%29,2013,2013,2013,SEAR,South-East Asia,BGD,Bangladesh,,,,221.0,221 [161-291],161.0,291.0
TB_c_ret_tsr,Treatment success rate: previously treated TB cases,https://www.who.int/data/gho/data/indicators/indicator-details/GHO/treatment-success-rate-previously-treated-tb-cases,2014,2014,2014,SEAR,South-East Asia,BGD,Bangladesh,,,,88.0,88,,
TB_e_inc_tbhiv_num,"Number of incident tuberculosis cases,  (HIV-positive cases)",https://www.who.int/data/gho/data/indicators/indicator-details/GHO/number-of-incident-tuberculosis-cases-%28hiv-positive-cases%29,2007,2007,2007,SEAR,South-East Asia,BGD,Bangladesh,,,,420.0,420 [210-700],210.0,700.0
TB_c_dst_rlt_new_pct,New cases tested for RR-/MDR-TB (%),https://www.who.int/data/gho/data/indicators/indicator-details/GHO/new-cases-tested-for-rr--mdr-tb-%28-%29,2019,2019,2019,SEAR,South-East Asia,BGD,Bangladesh,,,,26.0,26,,
TB_c_tbhiv_tsr,Treatment success rate: HIV-positive TB cases,https://www.who.int/data/gho/data/indicators/indicator-details/GHO/treatment-success-rate-hiv-positive-tb-cases,2023,2023,2023,SEAR,South-East Asia,BGD,Bangladesh,,,,78.0,78,,
TB_c_mdr_tx,Cases started on MDR-TB treatment,https://www.who.int/data/gho/data/indicators/indicator-details/GHO/cases-started-on-mdr-tb-treatment,2008,2008,2008,SEAR,South-East Asia,BGD,Bangladesh,,,,107.0,107,,
TB_c_newinc,Tuberculosis - new and relapse cases,https://www.who.int/data/gho/data/indicators/indicator-details/GHO/tuberculosis---new-and-relapse-cases,2014,2014,2014,SEAR,South-East Asia,BGD,Bangladesh,,,,191166.0,191 166,,
MDG_0000000020,Incidence of tuberculosis (per 100 000 population per year),https://www.who.int/data/gho/data/indicators/indicator-details/GHO/incidence-of-tuberculosis-%28per-100-000-population-per-year%29,2017,2017,2017,SEAR,South-East Asia,BGD,Bangladesh,,,,221.0,221 [161-291],161.0,291.0
TB_e_inc_num,Number of incident tuberculosis cases,https://www.who.int/data/gho/data/indicators/indicator-details/GHO/number-of-incident-tuberculosis-cases,2015,2015,2015,SEAR,South-East Asia,BGD,Bangladesh,,,,353000.0,353 000 [257 000-464 000],257000.0,464000.0
TB_hivtest_pos_pct,Tested TB patients HIV-positive (%),https://www.who.int/data/gho/data/indicators/indicator-details/GHO/tested-tb-patients-hiv-positive-%28-%29,2017,2017,2017,SEAR,South-East Asia,BGD,Bangladesh,,,,2.2,2.2,,
TB_c_newinc,Tuberculosis - new and relapse cases,https://www.who.int/data/gho/data/indicators/indicator-details/GHO/tuberculosis---new-and-relapse-cases,2012,2012,2012,SEAR,South-East Asia,BGD,Bangladesh,,,,168683.0,168 683,,
TB_c_new_tsr,Treatment success rate: new TB cases,https://www.who.int/data/gho/data/indicators/indicator-details/GHO/treatment-success-rate-new-tb-cases,1996,1996,1996,SEAR,South-East Asia,BGD,Bangladesh,,,,63.0,63,,
TB_c_ret_tsr,Treatment success rate: previously treated TB cases,https://www.who.int/data/gho/data/indicators/indicator-details/GHO/treatment-success-rate-previously-treated-tb-cases,1997,1997,1997,SEAR,South-East Asia,BGD,Bangladesh,,,,58.0,58,,
TB_c_new_tsr,Treatment success rate: new TB cases,https://www.who.int/data/gho/data/indicators/indicator-details/GHO/treatment-success-rate-new-tb-cases,2006,2006,2006,SEAR,South-East Asia,BGD,Bangladesh,,,,91.0,91,,
TB_c_xdr_tsr,Treatment success rate: XDR-TB cases,https://www.who.int/data/gho/data/indicators/indicator-details/GHO/estimated-xdr-tb-cases,2011,2011,2011,SEAR,South-East Asia,BGD,Bangladesh,,,,100.0,100,,
TB_c_newinc,Tuberculosis - new and relapse cases,https://www.who.int/data/gho/data/indicators/indicator-details/GHO/tuberculosis---new-and-relapse-cases,2022,2022,2022,SEAR,South-East Asia,BGD,Bangladesh,,,,261957.0,261 957,,
MDG_0000000020,Incidence of tuberculosis (per 100 000 population per year),https://www.who.int/data/gho/data/indicators/indicator-details/GHO/incidence-of-tuberculosis-%28per-100-000-population-per-year%29,2006,2006,2006,SEAR,South-East Asia,BGD,Bangladesh,,,,221.0,221 [161-291],161.0,291.0
TB_e_inc_tbhiv_num,"Number of incident tuberculosis cases,  (HIV-positive cases)",https://www.who.int/data/gho/data/indicators/indicator-details/GHO/number-of-incident-tuberculosis-cases-%28hiv-positive-cases%29,2018,2018,2018,SEAR,South-East Asia,BGD,Bangladesh,,,,700.0,700 [360-1200],360.0,1200.0
TB_1,Tuberculosis treatment coverage,https://www.who.int/data/gho/data/indicators/indicator-details/GHO/tuberculosis-treatment-coverage,2005,2005,2005,SEAR,South-East Asia,BGD,Bangladesh,,,,38.0,38 [29-53],29.0,53.0
TB_hivtest_pct,TB patients with known HIV status (%),https://www.who.int/data/gho/data/indicators/indicator-details/GHO/tb-patients-with-known-hiv-status-%28-%29,2013,2013,2013,SEAR,South-East Asia,BGD,Bangladesh,,,,1.1,1.1,,
TB_c_dst_rlt_ret_pct,Previously treated cases tested for RR-/MDR-TB (%),https://www.who.int/data/gho/data/indicators/indicator-details/GHO/previously-treated-cases-tested-for-rr--mdr-tb-%28-%29,2024,2024,2024,SEAR,South-East Asia,BGD,Bangladesh,,,,100.0,100,,
TB_e_inc_tbhiv_num,"Number of incident tuberculosis cases,  (HIV-positive cases)",https://www.who.int/data/gho/data/indicators/indicator-details/GHO/number-of-incident-tuberculosis-cases-%28hiv-positive-cases%29,2006,2006,2006,SEAR,South-East Asia,BGD,Bangladesh,,,,360.0,360 [180-590],180.0,590.0
TB_rr_mdr,Confirmed cases of RR-/MDR-TB,https://www.who.int/data/gho/data/indicators/indicator-details/GHO/confirmed-cases-of-rr--mdr-tb,2024,2024,2024,SEAR,South-East Asia,BGD,Bangladesh,,,,1436.0,1436,,
TB_c_xdr_tsr,Treatment success rate: XDR-TB cases,https://www.who.int/data/gho/data/indicators/indicator-details/GHO/estimated-xdr-tb-cases,2022,2022,2022,SEAR,South-East Asia,BGD,Bangladesh,,,,84.0,84,,
