District,Month,Patients
Dhaka,27/8/19,860
Chottogram,27/8/19,108
Khulna,27/8/19,182
Rangpur,27/8/19,21
Barishal,27/8/19,102
Sylet,27/8/19,14
Mymensingh,27/8/19,19
Rajshahi,27/8/19,76
Dhaka,28/8/19,765
Chottogram,28/8/19,97
Khulna,28/8/19,138
Rangpur,28/8/19,13
Barishal,28/8/19,105
Sylet,28/8/19,9
Mymensingh,28/8/19,18
Rajshahi,28/8/19,67
Dhaka,29/8/19,820
Chottogram,29/8/19,94
Khulna,29/8/19,184
Rangpur,29/8/19,15
Barishal,29/8/19,106
Sylet,29/8/19,13
Mymensingh,29/8/19,29
Rajshahi,29/8/19,69
Dhaka,30/8/19,691
Chottogram,30/8/19,86
Khulna,30/8/19,160
Rangpur,30/8/19,11
Barishal,30/8/19,87
Sylet,30/8/19,5
Mymensingh,30/8/19,20
Rajshahi,30/8/19,60
Dhaka,31/8/19,513
Chottogram,31/8/19,61
Khulna,31/8/19,121
Rangpur,31/8/19,12
Barishal,31/8/19,63
Sylet,31/8/19,6
Mymensingh,31/8/19,14
Rajshahi,31/8/19,32
Dhaka,1/9/2019,600
Chottogram,1/9/2019,68
Khulna,1/9/2019,133
Rangpur,1/9/2019,17
Barishal,1/9/2019,93
Sylet,1/9/2019,10
Mymensingh,1/9/2019,19
Rajshahi,1/9/2019,54
Dhaka,2/9/2019,578
Chottogram,2/9/2019,72
Khulna,2/9/2019,143
Rangpur,2/9/2019,17
Barishal,2/9/2019,61
Sylet,2/9/2019,9
Mymensingh,2/9/2019,16
Rajshahi,2/9/2019,42
Dhaka,3/9/2019,550
Chottogram,3/9/2019,71
Khulna,3/9/2019,107
Rangpur,3/9/2019,21
Barishal,3/9/2019,56
Sylet,3/9/2019,6
Mymensingh,3/9/2019,14
Rajshahi,3/9/2019,53
Dhaka,4/9/2019,588
Chottogram,4/9/2019,52
Khulna,4/9/2019,187
Rangpur,4/9/2019,13
Barishal,4/9/2019,78
Sylet,4/9/2019,8
Mymensingh,4/9/2019,21
Rajshahi,4/9/2019,43
Dhaka,5/9/2019,564
Chottogram,5/9/2019,63
Khulna,5/9/2019,131
Rangpur,5/9/2019,16
Barishal,5/9/2019,62
Sylet,5/9/2019,5
Mymensingh,5/9/2019,22
Rajshahi,5/9/2019,51
Dhaka,6/9/2019,569
Chottogram,6/9/2019,89
Khulna,6/9/2019,141
Rangpur,6/9/2019,8
Barishal,6/9/2019,57
Sylet,6/9/2019,9
Mymensingh,6/9/2019,17
Rajshahi,6/9/2019,46
Dhaka,7/9/2019,449
Chottogram,7/9/2019,47
Khulna,7/9/2019,115
Rangpur,7/9/2019,11
Barishal,7/9/2019,63
Sylet,7/9/2019,11
Mymensingh,7/9/2019,13
Rajshahi,7/9/2019,39
Dhaka,8/9/2019,551
Chottogram,8/9/2019,51
Khulna,8/9/2019,139
Rangpur,8/9/2019,13
Barishal,8/9/2019,66
Sylet,8/9/2019,9
Mymensingh,8/9/2019,23
Rajshahi,8/9/2019,42
Dhaka,9/9/2019,504
Chottogram,9/9/2019,54
Khulna,9/9/2019,135
Rangpur,9/9/2019,13
Barishal,9/9/2019,68
Sylet,9/9/2019,7
Mymensingh,9/9/2019,19
Rajshahi,9/9/2019,32
Dhaka,10/9/2019,558
Chottogram,10/9/2019,49
Khulna,10/9/2019,172
Rangpur,10/9/2019,9
Barishal,10/9/2019,67
Sylet,10/9/2019,4
Mymensingh,10/9/2019,13
Rajshahi,10/9/2019,46
Dhaka,11/9/2019,310
Chottogram,11/9/2019,51
Khulna,11/9/2019,138
Rangpur,11/9/2019,12
Barishal,11/9/2019,67
Sylet,11/9/2019,5
Mymensingh,11/9/2019,7
Rajshahi,11/9/2019,44
Dhaka,12/9/2019,349
Chottogram,12/9/2019,46
Khulna,12/9/2019,200
Rangpur,12/9/2019,12
Barishal,12/9/2019,64
Sylet,12/9/2019,13
Mymensingh,12/9/2019,17
Rajshahi,12/9/2019,49
Dhaka,13/9/2019,329
Chottogram,13/9/2019,47
Khulna,13/9/2019,174
Rangpur,13/9/2019,8
Barishal,13/9/2019,54
Sylet,13/9/2019,6
Mymensingh,13/9/2019,8
Rajshahi,13/9/2019,47
Dhaka,14/9/2019,235
Chottogram,14/9/2019,46
Khulna,14/9/2019,143
Rangpur,14/9/2019,8
Barishal,14/9/2019,49
Sylet,14/9/2019,9
Mymensingh,14/9/2019,7
Rajshahi, 14/9/2019,30
Dhaka,15/9/2019,250
Chottogram,15/9/2019,54
Khulna,15/9/2019,185
Rangpur,15/9/2019,10
Barishal,15/9/2019,65
Sylet,15/9/2019,4
Mymensingh,15/9/2019,11
Rajshahi,15/9/2019,40
Dhaka,16/9/2019,294
Chottogram,16/9/2019,41
Khulna,16/9/2019,188
Rangpur,16/9/2019,10
Barishal,16/9/2019,60
Sylet,16/9/2019,8
Mymensingh,16/9/2019,16
Rajshahi,16/9/2019,36
Dhaka,17/9/2019,291
Chottogram,17/9/2019,48
Khulna,17/9/2019,157
Rangpur,17/9/2019,8
Barishal,17/9/2019,63
Sylet,17/9/2019,3
Mymensingh,17/9/2019,10
Rajshahi,17/9/2019,35
Dhaka,18/9/2019,263
Chottogram,18/9/2019,37
Khulna,18/9/2019,151
Rangpur,18/9/2019,6
Barishal,18/9/2019,48
Sylet,18/9/2019,5
Mymensingh,18/9/2019,3
Rajshahi,18/9/2019,22
Dhaka,19/9/2019,232
Chottogram,19/9/2019,45
Khulna,19/9/2019,134
Rangpur,19/9/2019,16
Barishal,19/9/2019,43
Sylet,19/9/2019,2
Mymensingh,19/9/2019,2
Rajshahi,19/9/2019,17
Dhaka,20/9/2019,240
Chottogram,20/9/2019,34
Khulna,20/9/2019,146
Rangpur,20/9/2019,3
Barishal,20/9/2019,42
Sylet,20/9/2019,3
Mymensingh,20/9/2019,10
Rajshahi,20/9/2019,30
Dhaka,21/9/2019,202
Chottogram,21/9/2019,26
Khulna,21/9/2019,100
Rangpur,21/9/2019,8
Barishal,21/9/2019,51
Sylet,21/9/2019,2
Mymensingh,21/9/2019,2
Rajshahi,21/9/2019,17
Dhaka,22/9/2019,181
Chottogram,22/9/2019,39
Khulna,22/9/2019,90
Rangpur,22/9/2019,9
Barishal,22/9/2019,65
Sylet,22/9/2019,8
Mymensingh,22/9/2019,7
Rajshahi,22/9/2019,31
Dhaka,23/9/2019,223
Chottogram,23/9/2019,35
Khulna,23/9/2019,121
Rangpur,23/9/2019,8
Barishal,23/9/2019,49
Sylet,23/9/2019,5
Mymensingh,23/9/2019,7
Rajshahi,23/9/2019,23
Dhaka,24/9/2019,212
Chottogram,24/9/2019,45
Khulna,24/9/2019,120
Rangpur,24/9/2019,3
Barishal,24/9/2019,44
Sylet,24/9/2019,3
Mymensingh,24/9/2019,12
Rajshahi,24/9/2019,30
Dhaka,25/9/2019,0
Chottogram,25/9/2019,0
Khulna,25/9/2019,0
Rangpur,25/9/2019,0
Barishal,25/9/2019,0
Sylet,25/9/2019,0
Mymensingh,25/9/2019,0
Rajshahi,25/9/2019,0
Dhaka,26/9/2019,0
Chottogram,26/9/2019,0
Khulna,26/9/2019,0
Rangpur,26/9/2019,0
Barishal,26/9/2019,0
Sylet,26/9/2019,0
Mymensingh,26/9/2019,0
Rajshahi,26/9/2019,0
Dhaka,27/9/2019,134
Chottogram,27/9/2019,29
Khulna,27/9/2019,107
Rangpur,27/9/2019,4
Barishal,27/9/2019,38
Sylet,27/9/2019,5
Mymensingh,27/9/2019,7
Rajshahi,27/9/2019,36
Dhaka,28/9/2019,165
Chottogram,28/9/2019,31
Khulna,28/9/2019,107
Rangpur,28/9/2019,8
Barishal,28/9/2019,30
Sylet,28/9/2019,1
Mymensingh,28/9/2019,2
Rajshahi,28/9/2019,16
Dhaka,29/9/2019,149
Chottogram,29/9/2019,37
Khulna,29/9/2019,81
Rangpur,29/9/2019,10
Barishal,29/9/2019,36
Sylet,29/9/2019,1
Mymensingh,29/9/2019,7
Rajshahi,29/9/2019,21
Dhaka,30/9/2019,163
Chottogram,30/9/2019,29
Khulna,30/9/2019,92
Rangpur,30/9/2019,8
Barishal,30/9/2019,30
Sylet,30/9/2019,5
Mymensingh,30/9/2019,6
Rajshahi,30/9/2019,15
Dhaka,1/10/2019,169
Chottogram,1/10/2019,20
Khulna,1/10/2019,98
Rangpur,1/10/2019,7
Barishal,1/10/2019,46
Sylet,1/10/2019,5
Mymensingh,1/10/2019,9
Rajshahi,1/10/2019,17
Dhaka,2/10/2019,152
Chottogram,2/10/2019,25
Khulna,2/10/2019,95
Rangpur,2/10/2019,7
Barishal,2/10/2019,31
Sylet,2/10/2019,5
Mymensingh,2/10/2019,6
Rajshahi,2/10/2019,15
Dhaka,3/10/2019,151
Chottogram,3/10/2019,25
Khulna,3/10/2019,124
Rangpur,3/10/2019,2
Barishal,3/10/2019,36
Sylet,3/10/2019,1
Mymensingh,3/10/2019,7
Rajshahi,3/10/2019,15
Dhaka,4/10/2019,119
Chottogram,4/10/2019,22
Khulna,4/10/2019,124
Rangpur,4/10/2019,4
Barishal,4/10/2019,29
Sylet,4/10/2019,0
Mymensingh,4/10/2019,6
Rajshahi,4/10/2019,22
Dhaka,5/10/2019,92
Chottogram,5/10/2019,41
Khulna,5/10/2019,79
Rangpur,5/10/2019,2
Barishal,5/10/2019,38
Sylet,5/10/2019,3
Mymensingh,5/10/2019,4
Rajshahi,5/10/2019,10
Dhaka,6/10/2019,105
Chottogram,6/10/2019,41
Khulna,6/10/2019,108
Rangpur,6/10/2019,1
Barishal,6/10/2019,38
Sylet,6/10/2019,2
Mymensingh,6/10/2019,4
Rajshahi,6/10/2019,14
Dhaka,7/10/2019,149
Chottogram,7/10/2019,23
Khulna,7/10/2019,114
Rangpur,7/10/2019,8
Barishal,7/10/2019,31
Sylet,7/10/2019,1
Mymensingh,7/10/2019,3
Rajshahi,7/10/2019,19
Dhaka,8/10/2019,101
Chottogram,8/10/2019,17
Khulna,8/10/2019,106
Rangpur,8/10/2019,2
Barishal,8/10/2019,23
Sylet,8/10/2019,1
Mymensingh,8/10/2019,4
Rajshahi,8/10/2019,13
Dhaka,9/10/2019,92
Chottogram,9/10/2019,21
Khulna,9/10/2019,82
Rangpur,9/10/2019,8
Barishal,9/10/2019,35
Sylet,9/10/2019,1
Mymensingh,9/10/2019,6
Rajshahi,9/10/2019,9
Dhaka,10/10/2019,130
Chottogram,10/10/2019,20
Khulna,10/10/2019,106
Rangpur,10/10/2019,3
Barishal,10/10/2019,37
Sylet,10/10/2019,1
Mymensingh,10/10/2019,3
Rajshahi,10/10/2019,14
Dhaka,11/10/2019,90
Chottogram,11/10/2019,17
Khulna,11/10/2019,74
Rangpur,11/10/2019,2
Barishal,11/10/2019,30
Sylet,11/10/2019,2
Mymensingh,11/10/2019,3
Rajshahi,11/10/2019,20
Dhaka,12/10/2019,131
Chottogram,12/10/2019,30
Khulna,12/10/2019,45
Rangpur,12/10/2019,2
Barishal,12/10/2019,25
Sylet,12/10/2019,1
Mymensingh,12/10/2019,5
Rajshahi,12/10/2019,15
Dhaka,13/10/2019,136
Chottogram,13/10/2019,27
Khulna,13/10/2019,69
Rangpur,13/10/2019,2
Barishal,13/10/2019,30
Sylet,13/10/2019,3
Mymensingh,13/10/2019,4
Rajshahi,13/10/2019,16
Dhaka,14/10/2019,123
Chottogram,14/10/2019,41
Khulna,14/10/2019,77
Rangpur,14/10/2019,3
Barishal,14/10/2019,28
Sylet,14/10/2019,3
Mymensingh,14/10/2019,2
Rajshahi,14/10/2019,23
Dhaka,15/10/2019,147
Chottogram,15/10/2019,29
Khulna,15/10/2019,68
Rangpur,15/10/2019,7
Barishal,15/10/2019,31
Sylet,15/10/2019,1
Mymensingh,15/10/2019,6
Rajshahi,15/10/2019,12
Dhaka,16/10/2019,133
Chottogram,16/10/2019,39
Khulna,16/10/2019,45
Rangpur,16/10/2019,2
Barishal,16/10/2019,32
Sylet,16/10/2019,1
Mymensingh,16/10/2019,6
Rajshahi,16/10/2019,25
Dhaka,17/10/2019,105
Chottogram,17/10/2019,28
Khulna,17/10/2019,47
Rangpur,17/10/2019,6
Barishal,17/10/2019,44
Sylet,17/10/2019,0
Mymensingh,17/10/2019,5
Rajshahi,17/10/2019,13
Dhaka,18/10/2019,80
Chottogram,18/10/2019,14
Khulna,18/10/2019,42
Rangpur,18/10/2019,4
Barishal,18/10/2019,26
Sylet,18/10/2019,2
Mymensingh,18/10/2019,4
Rajshahi,18/10/2019,6
Dhaka,19/10/2019,79
Chottogram,19/10/2019,11
Khulna,19/10/2019,41
Rangpur,19/10/2019,0
Barishal,19/10/2019,42
Sylet,19/10/2019,0
Mymensingh,19/10/2019,3
Rajshahi,19/10/2019,6
Dhaka,20/10/2019,114
Chottogram,20/10/2019,32
Khulna,20/10/2019,40
Rangpur,20/10/2019,1
Barishal,20/10/2019,25
Sylet,20/10/2019,1
Mymensingh,20/10/2019,6
Rajshahi,20/10/2019,25
Dhaka,21/10/2019,102
Chottogram,21/10/2019,23
Khulna,21/10/2019,47
Rangpur,21/10/2019,5
Barishal,21/10/2019,28
Sylet,21/10/2019,3
Mymensingh,21/10/2019,4
Rajshahi,21/10/2019,5
Dhaka,22/10/2019,110
Chottogram,22/10/2019,16
Khulna,22/10/2019,45
Rangpur,22/10/2019,5
Barishal,22/10/2019,32
Sylet,22/10/2019,3
Mymensingh,22/10/2019,4
Rajshahi,22/10/2019,7
Dhaka,23/10/2019,114
Chottogram,23/10/2019,30
Khulna,23/10/2019,50
Rangpur,23/10/2019,6
Barishal,23/10/2019,22
Sylet,23/10/2019,2
Mymensingh,23/10/2019,4
Rajshahi,23/10/2019,8
Dhaka,24/10/2019,99
Chottogram,24/10/2019,21
Khulna,24/10/2019,47
Rangpur,24/10/2019,5
Barishal,24/10/2019,21
Sylet,24/10/2019,2
Mymensingh,24/10/2019,4
Rajshahi,24/10/2019,11
Dhaka,25/10/2019,90
Chottogram,25/10/2019,24
Khulna,25/10/2019,41
Rangpur,25/10/2019,2
Barishal,25/10/2019,23
Sylet,25/10/2019,1
Mymensingh,25/10/2019,1
Rajshahi,25/10/2019,4
Dhaka,26/10/2019,104
Chottogram,26/10/2019,15
Khulna,26/10/2019,36
Rangpur,26/10/2019,11
Barishal,26/10/2019,22
Sylet,26/10/2019,1
Mymensingh,26/10/2019,3
Rajshahi,26/10/2019,11
Dhaka,27/10/2019,105
Chottogram,27/10/2019,33
Khulna,27/10/2019,56
Rangpur,27/10/2019,3
Barishal,27/10/2019,33
Sylet,27/10/2019,2
Mymensingh,27/10/2019,10
Rajshahi,27/10/2019,15
Dhaka,28/10/2019,124
Chottogram,28/10/2019,26
Khulna,28/10/2019,44
Rangpur,28/10/2019,4
Barishal,28/10/2019,44
Sylet,28/10/2019,2
Mymensingh,28/10/2019,1
Rajshahi,28/10/2019,6
Dhaka,29/10/2019,128
Chottogram,29/10/2019,32
Khulna,29/10/2019,40
Rangpur,29/10/2019,3
Barishal,29/10/2019,29
Sylet,29/10/2019,2
Mymensingh,29/10/2019,5
Rajshahi,29/10/2019,9
Dhaka,30/10/2019,121
Chottogram,30/10/2019,36
Khulna,30/10/2019,52
Rangpur,30/10/2019,4
Barishal,30/10/2019,35
Sylet,30/10/2019,0
Mymensingh,30/10/2019,11
Rajshahi,30/10/2019,4
Dhaka,31/10/2019,95
Chottogram,31/10/2019,27
Khulna,31/10/2019,50
Rangpur,31/10/2019,6
Barishal,31/10/2019,25
Sylet,31/10/2019,0
Mymensingh,31/10/2019,1
Rajshahi,31/10/2019,9
Dhaka,1/11/2019,88
Chottogram,1/11/2019,22
Khulna,1/11/2019,57
Rangpur,1/11/2019,3
Barishal,1/11/2019,34
Sylet,1/11/2019,1
Mymensingh,1/11/2019,4
Rajshahi,1/11/2019,6
Dhaka,2/11/2019,77
Chottogram,2/11/2019,22
Khulna,2/11/2019,27
Rangpur,2/11/2019,1
Barishal,2/11/2019,13
Sylet,2/11/2019,1
Mymensingh,2/11/2019,6
Rajshahi,2/11/2019,3
Dhaka,3/11/2019,73
Chottogram,3/11/2019,24
Khulna,3/11/2019,47
Rangpur,3/11/2019,2
Barishal,3/11/2019,24
Sylet,3/11/2019,1
Mymensingh,3/11/2019,5
Rajshahi,3/11/2019,8
Dhaka,4/11/2019,77
Chottogram,4/11/2019,33
Khulna,4/11/2019,35
Rangpur,4/11/2019,1
Barishal,4/11/2019,23
Sylet,4/11/2019,0
Mymensingh,4/11/2019,1
Rajshahi,4/11/2019,4
Dhaka,5/11/2019,100
Chottogram,5/11/2019,28
Khulna,5/11/2019,24
Rangpur,5/11/2019,3
Barishal,5/11/2019,27
Sylet,5/11/2019,0
Mymensingh,5/11/2019,2
Rajshahi,5/11/2019,4
Dhaka,6/11/2019,83
Chottogram,6/11/2019,33
Khulna,6/11/2019,36
Rangpur,6/11/2019,4
Barishal,6/11/2019,17
Sylet,6/11/2019,3
Mymensingh,6/11/2019,4
Rajshahi,6/11/2019,4
Dhaka,7/11/2019,73
Chottogram,7/11/2019,19
Khulna,7/11/2019,56
Rangpur,7/11/2019,3
Barishal,7/11/2019,32
Sylet,7/11/2019,1
Mymensingh,7/11/2019,3
Rajshahi,7/11/2019,11
Dhaka,8/11/2019,75
Chottogram,8/11/2019,22
Khulna,8/11/2019,31
Rangpur,8/11/2019,0
Barishal,8/11/2019,18
Sylet,8/11/2019,0
Mymensingh,8/11/2019,1
Rajshahi,8/11/2019,2
Dhaka,9/11/2019,71
Chottogram,9/11/2019,22
Khulna,9/11/2019,25
Rangpur,9/11/2019,2
Barishal,9/11/2019,6
Sylet,9/11/2019,6
Mymensingh,9/11/2019,6
Rajshahi,9/11/2019,8
Dhaka,10/11/2019,65
Chottogram,10/11/2019,16
Khulna,10/11/2019,21
Rangpur,10/11/2019,2
Barishal,10/11/2019,6
Sylet,10/11/2019,0
Mymensingh,10/11/2019,4
Rajshahi,10/11/2019,4
Dhaka,11/11/2019,74
Chottogram,11/11/2019,18
Khulna,11/11/2019,26
Rangpur,11/11/2019,2
Barishal,11/11/2019,2
Sylet,11/11/2019,0
Mymensingh,11/11/2019,2
Rajshahi,11/11/2019,4
Dhaka,12/11/2019,82
Chottogram,12/11/2019,22
Khulna,12/11/2019,30
Rangpur,12/11/2019,0
Barishal,12/11/2019,15
Sylet,12/11/2019,1
Mymensingh,12/11/2019,2
Rajshahi,12/11/2019,5
Dhaka,13/11/2019,79
Chottogram,13/11/2019,34
Khulna,13/11/2019,25
Rangpur,13/11/2019,0
Barishal,13/11/2019,18
Sylet,13/11/2019,2
Mymensingh,13/11/2019,4
Rajshahi,13/11/2019,5
Dhaka,14/11/2019,74
Chottogram,14/11/2019,32
Khulna,14/11/2019,23
Rangpur,14/11/2019,2
Rajshahi,14/11/2019,4
Barishal,14/11/2019,13
Sylet,14/11/2019,0
Mymensingh,14/11/2019,2
Dhaka,15/11/2019,49
Chottogram,15/11/2019,21
Khulna,15/11/2019,17
Rangpur,15/11/2019,1
Rajshahi,15/11/2019,0
Barishal,15/11/2019,7
Sylet,15/11/2019,1
Mymensingh,15/11/2019,1
Dhaka,16/11/2019,67
Chottogram,16/11/2019,20
Khulna,16/11/2019,24
Rangpur,16/11/2019,1
Rajshahi,16/11/2019,7
Barishal,16/11/2019,15
Sylet,16/11/2019,1
Mymensingh,16/11/2019,1
Dhaka,17/11/2019,64
Chottogram,17/11/2019,29
Khulna,17/11/2019,26
Rangpur,17/11/2019,3
Rajshahi,17/11/2019,7
Barishal,17/11/2019,10
Sylet,17/11/2019,1
Mymensingh,17/11/2019,3
Dhaka,18/11/2019,60
Chottogram,18/11/2019,22
Khulna,18/11/2019,19
Rangpur,18/11/2019,3
Rajshahi,18/11/2019,5
Barishal,18/11/2019,9
Sylet,18/11/2019,0
Mymensingh,18/11/2019,2
Dhaka,19/11/2019,60
Chottogram,19/11/2019,22
Khulna,19/11/2019,20
Rangpur,19/11/2019,1
Rajshahi,19/11/2019,8
Barishal,19/11/2019,9
Sylet,19/11/2019,1
Mymensingh,19/11/2019,3
Dhaka,20/11/2019,60
Chottogram,20/11/2019,20
Khulna,20/11/2019,24
Rangpur,20/11/2019,2
Rajshahi,20/11/2019,5
Barishal,20/11/2019,5
Sylet,20/11/2019,0
Mymensingh,20/11/2019,1
Dhaka,21/11/2019,65
Chottogram,21/11/2019,24
Khulna,21/11/2019,17
Rangpur,21/11/2019,1
Rajshahi,21/11/2019,6
Barishal,21/11/2019,9
Sylet,21/11/2019,0
Mymensingh,21/11/2019,1
Dhaka,22/11/2019,68
Chottogram,22/11/2019,13
Khulna,22/11/2019,17
Rangpur,22/11/2019,0
Rajshahi,22/11/2019,2
Barishal,22/11/2019,4
Sylet,22/11/2019,0
Mymensingh,22/11/2019,1
Dhaka,23/11/2019,114
Chottogram,23/11/2019,30
Khulna,23/11/2019,50
Rangpur,23/11/2019,6
Rajshahi,23/11/2019,8
Barishal,23/11/2019,22
Sylet,23/11/2019,2
Mymensingh,23/11/2019,4
Dhaka,24/11/2019,57
Chottogram,24/11/2019,16
Khulna,24/11/2019,9
Rangpur,24/11/2019,1
Rajshahi,24/11/2019,3
Barishal,24/11/2019,3
Sylet,24/11/2019,0
Mymensingh,24/11/2019,3
Dhaka,25/11/2019,64
Chottogram,25/11/2019,18
Khulna,25/11/2019,17
Rangpur,25/11/2019,3
Rajshahi,25/11/2019,4
Barishal,25/11/2019,5
Sylet,25/11/2019,0
Mymensingh,25/11/2019,1
Dhaka,26/11/2019,55
Chottogram,26/11/2019,12
Khulna,26/11/2019,14
Rangpur,26/11/2019,1
Rajshahi,26/11/2019,5
Barishal,26/11/2019,5
Sylet,26/11/2019,1
Mymensingh,26/11/2019,5
Dhaka,27/11/2019,58
Chottogram,27/11/2019,21
Khulna,27/11/2019,15
Rangpur,27/11/2019,0
Rajshahi,27/11/2019,4
Barishal,27/11/2019,9
Sylet,27/11/2019,0
Mymensingh,27/11/2019,1
Dhaka,28/11/2019,50
Chottogram,28/11/2019,10
Khulna,28/11/2019,14
Rangpur,28/11/2019,1
Rajshahi,28/11/2019,2
Barishal,28/11/2019,5
Sylet,28/11/2019,0
Mymensingh,28/11/2019,3
Dhaka,29/11/2019,49
Chottogram,29/11/2019,6
Khulna,29/11/2019,11
Rangpur,29/11/2019,1
Rajshahi,29/11/2019,2
Barishal,29/11/2019,4
Sylet,29/11/2019,0
Mymensingh,29/11/2019,0
Dhaka,30/11/2019,56
Chottogram,30/11/2019,10
Khulna,30/11/2019,10
Rangpur,30/11/2019,1
Rajshahi,30/11/2019,2
Barishal,30/11/2019,4
Sylet,30/11/2019,2
Mymensingh,30/11/2019,1
Dhaka,1/12/2019,55
Chottogram,1/12/2019,10
Khulna,1/12/2019,10
Rangpur,1/12/2019,6
Rajshahi,1/12/2019,6
Barishal,1/12/2019,6
Sylet,1/12/2019,0
Mymensingh,1/12/2019,1
Dhaka,2/12/2019,53
Chottogram,2/12/2019,8
Khulna,2/12/2019,12
Rangpur,2/12/2019,3
Rajshahi,2/12/2019,2
Barishal,2/12/2019,1
Sylet,2/12/2019,0
Mymensingh,2/12/2019,2
Dhaka,3/12/2019,48
Chottogram,3/12/2019,12
Khulna,3/12/2019,9
Rangpur,3/12/2019,2
Rajshahi,3/12/2019,0
Barishal,3/12/2019,7
Sylet,3/12/2019,0
Mymensingh,3/12/2019,1
Dhaka,4/12/2019,45
Chottogram,4/12/2019,14
Khulna,4/12/2019,12
Rangpur,4/12/2019,0
Rajshahi,4/12/2019,1
Barishal,4/12/2019,3
Sylet,4/12/2019,0
Mymensingh,4/12/2019,0
Dhaka,5/12/2019,61
Chottogram,5/12/2019,6
Khulna,5/12/2019,12
Rangpur,5/12/2019,1
Rajshahi,5/12/2019,2
Barishal,5/12/2019,6
Sylet,5/12/2019,0
Mymensingh,5/12/2019,0
Dhaka,6/12/2019,32
Chottogram,6/12/2019,3
Khulna,6/12/2019,4
Rangpur,6/12/2019,0
Rajshahi,6/12/2019,0
Barishal,6/12/2019,4
Sylet,6/12/2019,0
Mymensingh,6/12/2019,0
Dhaka,7/12/2019,31
Chottogram,7/12/2019,7
Khulna,7/12/2019,5
Rangpur,7/12/2019,0
Rajshahi,7/12/2019,1
Barishal,7/12/2019,0
Sylet,7/12/2019,0
Mymensingh,7/12/2019,2
Dhaka,8/12/2019,38
Chottogram,8/12/2019,7
Khulna,8/12/2019,9
Rangpur,8/12/2019,1
Rajshahi,8/12/2019,2
Barishal,8/12/2019,5
Sylet,8/12/2019,0
Mymensingh,8/12/2019,0
Dhaka,9/12/2019,45
Chottogram,9/12/2019,13
Khulna,9/12/2019,6
Rangpur,9/12/2019,0
Rajshahi,9/12/2019,0
Barishal,9/12/2019,2
Sylet,9/12/2019,0
Mymensingh,9/12/2019,1
Dhaka,10/12/2019,30
Chottogram,10/12/2019,7
Khulna,10/12/2019,7
Rangpur,10/12/2019,0
Rajshahi,10/12/2019,0
Barishal,10/12/2019,3
Sylet,10/12/2019,1
Mymensingh,10/12/2019,2
Dhaka,11/12/2019,27
Chottogram,11/12/2019,4
Khulna,11/12/2019,2
Rangpur,11/12/2019,2
Rajshahi,11/12/2019,0
Barishal,11/12/2019,1
Sylet,11/12/2019,0
Mymensingh,11/12/2019,0
Dhaka,12/12/2019,34
Chottogram,12/12/2019,7
Khulna,12/12/2019,6
Rangpur,12/12/2019,0
Rajshahi,12/12/2019,1
Barishal,12/12/2019,2
Sylet,12/12/2019,0
Mymensingh,12/12/2019,1
Dhaka,13/12/2019,29
Chottogram,13/12/2019,5
Khulna,13/12/2019,6
Rangpur,13/12/2019,0
Rajshahi,13/12/2019,1
Barishal,13/12/2019,1
Sylet,13/12/2019,0
Mymensingh,13/12/2019,2
Dhaka,14/12/2019,28
Chottogram,14/12/2019,8
Khulna,14/12/2019,3
Rangpur,14/12/2019,0
Rajshahi,14/12/2019,0
Barishal,14/12/2019,2
Sylet,14/12/2019,0
Mymensingh,14/12/2019,1
Dhaka,15/12/2019,26
Chottogram,15/12/2019,7
Khulna,15/12/2019,2
Rangpur,15/12/2019,0
Rajshahi,15/12/2019,0
Barishal,15/12/2019,1
Sylet,15/12/2019,0
Mymensingh,15/12/2019,1
Dhaka,16/12/2019,16
Chottogram,16/12/2019,4
Khulna,16/12/2019,2
Rangpur,16/12/2019,0
Rajshahi,16/12/2019,0
Barishal,16/12/2019,2
Sylet,16/12/2019,0
Mymensingh,16/12/2019,1
Dhaka,17/12/2019,33
Chottogram,17/12/2019,7
Khulna,17/12/2019,5
Rangpur,17/12/2019,1
Rajshahi,17/12/2019,1
Barishal,17/12/2019,0
Sylet,17/12/2019,2
Mymensingh,17/12/2019,0
Dhaka,18/12/2019,24
Chottogram,18/12/2019,5
Khulna,18/12/2019,3
Rangpur,18/12/2019,0
Rajshahi,18/12/2019,1
Barishal,18/12/2019,2
Sylet,18/12/2019,0
Mymensingh,18/12/2019,2
Dhaka,19/12/2019,17
Chottogram,19/12/2019,6
Khulna,19/12/2019,5
Rangpur,19/12/2019,0
Rajshahi,19/12/2019,1
Barishal,19/12/2019,3
Sylet,19/12/2019,0
Mymensingh,19/12/2019,0
Dhaka,20/12/2019,21
Chottogram,20/12/2019,4
Khulna,20/12/2019,3
Rangpur,20/12/2019,0
Rajshahi,20/12/2019,0
Barishal,20/12/2019,1
Sylet,20/12/2019,0
Mymensingh,20/12/2019,0
Dhaka,21/12/2019,11
Chottogram,21/12/2019,2
Khulna,21/12/2019,2
Rangpur,21/12/2019,0
Rajshahi,21/12/2019,0
Barishal,21/12/2019,0
Sylet,21/12/2019,0
Mymensingh,21/12/2019,1
Dhaka,22/12/2019,11
Chottogram,22/12/2019,4
Khulna,22/12/2019,0
Rangpur,22/12/2019,1
Rajshahi,22/12/2019,0
Barishal,22/12/2019,2
Sylet,22/12/2019,0
Mymensingh,22/12/2019,1
Dhaka,23/12/2019,24
Chottogram,23/12/2019,6
Khulna,23/12/2019,4
Rangpur,23/12/2019,0
Rajshahi,23/12/2019,0
Barishal,23/12/2019,0
Sylet,23/12/2019,0
Mymensingh,23/12/2019,1
Dhaka,24/12/2019,9
Chottogram,24/12/2019,3
Khulna,24/12/2019,0
Rangpur,24/12/2019,0
Rajshahi,24/12/2019,0
Barishal,24/12/2019,0
Sylet,24/12/2019,0
Mymensingh,24/12/2019,0
Dhaka,25/12/2019,12
Chottogram,25/12/2019,4
Khulna,25/12/2019,1
Rangpur,25/12/2019,0
Rajshahi,25/12/2019,0
Barishal,25/12/2019,0
Sylet,25/12/2019,0
Mymensingh,25/12/2019,0
Dhaka,26/12/2019,17
Chottogram,26/12/2019,7
Khulna,26/12/2019,0
Rangpur,26/12/2019,0
Rajshahi,26/12/2019,0
Barishal,26/12/2019,0
Sylet,26/12/2019,0
Mymensingh,26/12/2019,0
Dhaka,27/12/2019,14
Chottogram,27/12/2019,6
Khulna,27/12/2019,2
Rangpur,27/12/2019,0
Rajshahi,27/12/2019,0
Barishal,27/12/2019,0
Sylet,27/12/2019,0
Mymensingh,27/12/2019,0
Dhaka,28/12/2019,7
Chottogram,28/12/2019,1
Khulna,28/12/2019,0
Rangpur,28/12/2019,1
Rajshahi,28/12/2019,0
Barishal,28/12/2019,1
Sylet,28/12/2019,0
Mymensingh,28/12/2019,0
Dhaka,29/12/2019,3
Chottogram,29/12/2019,0
Khulna,29/12/2019,1
Rangpur,29/12/2019,0
Rajshahi,29/12/2019,1
Barishal,29/12/2019,0
Sylet,29/12/2019,0
Mymensingh,29/12/2019,0
Dhaka,30/12/2019,7
Chottogram,30/12/2019,2
Khulna,30/12/2019,0
Rangpur,30/12/2019,0
Rajshahi,30/12/2019,1
Barishal,30/12/2019,0
Sylet,30/12/2019,0
Mymensingh,30/12/2019,0
Dhaka,31/12/2019,6
Chottogram,31/12/2019,0
Khulna,31/12/2019,2
Rangpur,31/12/2019,1
Rajshahi,31/12/2019,0
Barishal,31/12/2019,0
Sylet,31/12/2019,1
Mymensingh,31/12/2019,0
Dhaka,1/1/2020,6
Chottogram,1/1/2020,0
Khulna,1/1/2020,1
Rangpur,1/1/2020,0
Rajshahi,1/1/2020,0
Barishal,1/1/2020,0
Sylet,1/1/2020,0
Mymensingh,1/1/2020,0
Dhaka,2/1/2020,16
Chottogram,2/1/2020,0
Khulna,2/1/2020,0
Rangpur,2/1/2020,0
Rajshahi,2/1/2020,0
Barishal,2/1/2020,1
Sylet,2/1/2020,0
Mymensingh,2/1/2020,0
Dhaka,3/1/2020,4
Chottogram,3/1/2020,0
Khulna,3/1/2020,0
Rangpur,3/1/2020,0
Rajshahi,3/1/2020,0
Barishal,3/1/2020,0
Sylet,3/1/2020,0
Mymensingh,3/1/2020,2
Dhaka,4/1/2020,20
Chottogram,4/1/2020,0
Khulna,4/1/2020,0
Rangpur,4/1/2020,0
Rajshahi,4/1/2020,0
Barishal,4/1/2020,1
Sylet,4/1/2020,0
Mymensingh,4/1/2020,0
Dhaka,5/1/2020,12
Chottogram,5/1/2020,0
Khulna,5/1/2020,0
Rangpur,5/1/2020,0
Rajshahi,5/1/2020,0
Barishal,5/1/2020,1
Sylet,5/1/2020,0
Mymensingh,5/1/2020,0
Dhaka,6/1/2020,6
Chottogram,6/1/2020,0
Khulna,6/1/2020,1
Rangpur,6/1/2020,0
Rajshahi,6/1/2020,0
Barishal,6/1/2020,0
Sylet,6/1/2020,0
Mymensingh,6/1/2020,1
Dhaka,7/1/2020,17
Chottogram,7/1/2020,0
Khulna,7/1/2020,2
Rangpur,7/1/2020,0
Rajshahi,7/1/2020,0
Barishal,7/1/2020,0
Sylet,7/1/2020,0
Mymensingh,7/1/2020,0
Dhaka,8/1/2020,3
Chottogram,8/1/2020,0
Khulna,8/1/2020,1
Rangpur,8/1/2020,0
Rajshahi,8/1/2020,1
Barishal,8/1/2020,0
Sylet,8/1/2020,0
Mymensingh,8/1/2020,0
Dhaka,9/1/2020,12
Chottogram,9/1/2020,2
Khulna,9/1/2020,0
Rangpur,9/1/2020,0
Rajshahi,9/1/2020,0
Barishal,9/1/2020,0
Sylet,9/1/2020,0
Mymensingh,9/1/2020,0
Dhaka,10/1/2020,6
Chottogram,10/1/2020,0
Khulna,10/1/2020,0
Rangpur,10/1/2020,0
Rajshahi,10/1/2020,0
Barishal,10/1/2020,0
Sylet,10/1/2020,0
Mymensingh,10/1/2020,0
Dhaka,11/1/2020,13
Chottogram,11/1/2020,1
Khulna,11/1/2020,0
Rangpur,11/1/2020,0
Rajshahi,11/1/2020,0
Barishal,11/1/2020,0
Sylet,11/1/2020,0
Mymensingh,11/1/2020,0
Dhaka,12/1/2020,3
Chottogram,12/1/2020,0
Khulna,12/1/2020,0
Rangpur,12/1/2020,0
Rajshahi,12/1/2020,0
Barishal,12/1/2020,0
Sylet,12/1/2020,0
Mymensingh,12/1/2020,0
Dhaka,13/1/2020,10
Chottogram,13/1/2020,0
Khulna,13/1/2020,0
Rangpur,13/1/2020,0
Rajshahi,13/1/2020,0
Barishal,13/1/2020,0
Sylet,13/1/2020,0
Mymensingh,13/1/2020,0
Dhaka,14/1/2020,2
Chottogram,14/1/2020,0
Khulna,14/1/2020,0
Rangpur,14/1/2020,0
Rajshahi,14/1/2020,0
Barishal,14/1/2020,0
Sylet,14/1/2020,0
Mymensingh,14/1/2020,1
Dhaka,15/1/2020,4
Chottogram,15/1/2020,0
Khulna,15/1/2020,0
Rangpur,15/1/2020,0
Rajshahi,15/1/2020,0
Barishal,15/1/2020,0
Sylet,15/1/2020,0
Mymensingh,15/1/2020,0
Dhaka,16/1/2020,0
Chottogram,16/1/2020,0
Khulna,16/1/2020,0
Rangpur,16/1/2020,0
Rajshahi,16/1/2020,0
Barishal,16/1/2020,0
Sylet,16/1/2020,0
Mymensingh,16/1/2020,0
Dhaka,17/1/2020,0
Chottogram,17/1/2020,0
Khulna,17/1/2020,0
Rangpur,17/1/2020,0
Rajshahi,17/1/2020,0
Barishal,17/1/2020,0
Sylet,17/1/2020,0
Mymensingh,17/1/2020,1
Dhaka,18/1/2020,2
Chottogram,18/1/2020,1
Khulna,18/1/2020,0
Rangpur,18/1/2020,0
Rajshahi,18/1/2020,0
Barishal,18/1/2020,0
Sylet,18/1/2020,0
Mymensingh,18/1/2020,0
Dhaka,19/1/2020,4
Chottogram,19/1/2020,0
Khulna,19/1/2020,0
Rangpur,19/1/2020,0
Rajshahi,19/1/2020,0
Barishal,19/1/2020,0
Sylet,19/1/2020,0
Mymensingh,19/1/2020,0
Dhaka,20/1/2020,2
Chottogram,20/1/2020,0
Khulna,20/1/2020,0
Rangpur,20/1/2020,0
Rajshahi,20/1/2020,0
Barishal,20/1/2020,0
Sylet,20/1/2020,0
Mymensingh,20/1/2020,0
Dhaka,21/1/2020,4
Chottogram,21/1/2020,0
Khulna,21/1/2020,0
Rangpur,21/1/2020,0
Rajshahi,21/1/2020,0
Barishal,21/1/2020,0
Sylet,21/1/2020,0
Mymensingh,21/1/2020,0
Dhaka,22/1/2020,2
Chottogram,22/1/2020,0
Khulna,22/1/2020,0
Rangpur,22/1/2020,0
Rajshahi,22/1/2020,0
Barishal,22/1/2020,0
Sylet,22/1/2020,0
Mymensingh,22/1/2020,0
Dhaka,23/1/2020,4
Chottogram,23/1/2020,0
Khulna,23/1/2020,0
Rangpur,23/1/2020,0
Rajshahi,23/1/2020,0
Barishal,23/1/2020,0
Sylet,23/1/2020,0
Mymensingh,23/1/2020,0
Dhaka,24/1/2020,1
Chottogram,24/1/2020,0
Khulna,24/1/2020,0
Rangpur,24/1/2020,0
Rajshahi,24/1/2020,0
Barishal,24/1/2020,0
Sylet,24/1/2020,0
Mymensingh,24/1/2020,0
Dhaka,25/1/2020,4
Chottogram,25/1/2020,0
Khulna,25/1/2020,0
Rangpur,25/1/2020,0
Rajshahi,25/1/2020,0
Barishal,25/1/2020,0
Sylet,25/1/2020,0
Mymensingh,25/1/2020,0
Dhaka,26/1/2020,2
Chottogram,26/1/2020,0
Khulna,26/1/2020,0
Rangpur,26/1/2020,0
Rajshahi,26/1/2020,0
Barishal,26/1/2020,0
Sylet,26/1/2020,0
Mymensingh,26/1/2020,0
Dhaka,27/1/2020,7
Chottogram,27/1/2020,0
Khulna,27/1/2020,0
Rangpur,27/1/2020,0
Rajshahi,27/1/2020,0
Barishal,27/1/2020,0
Sylet,27/1/2020,0
Mymensingh,27/1/2020,0
Dhaka,28/1/2020,3
Chottogram,28/1/2020,1
Khulna,28/1/2020,0
Rangpur,28/1/2020,0
Rajshahi,28/1/2020,0
Barishal,28/1/2020,0
Sylet,28/1/2020,0
Mymensingh,28/1/2020,2
Dhaka,29/1/2020,1
Chottogram,29/1/2020,0
Khulna,29/1/2020,0
Rangpur,29/1/2020,0
Rajshahi,29/1/2020,0
Barishal,29/1/2020,0
Sylet,29/1/2020,0
Mymensingh,29/1/2020,0
Dhaka,30/1/2020,1
Chottogram,30/1/2020,1
Khulna,30/1/2020,0
Rangpur,30/1/2020,0
Rajshahi,30/1/2020,0
Barishal,30/1/2020,0
Sylet,30/1/2020,0
Mymensingh,30/1/2020,0
Dhaka,4/2/2021,2
Chottogram,4/2/2021,0
Khulna,4/2/2021,0
Rangpur,4/2/2021,0
Rajshahi,4/2/2021,0
Barishal,4/2/2021,0
Sylet,4/2/2021,0
Mymensingh,4/2/2021,0
Dhaka,13/12/2021,15
Chottogram,13/12/2021,23
Khulna,13/12/2021,2
Rangpur,13/12/2021,0
Rajshahi,13/12/2021,0
Barishal,13/12/2021,2
Sylet,13/12/2021,0
Mymensingh,13/12/2021,0
Dhaka,14/12/2021,27
Chottogram,14/12/2021,9
Khulna,14/12/2021,1
Rangpur,14/12/2021,0
Rajshahi,14/12/2021,0
Barishal,14/12/2021,3
Sylet,14/12/2021,0
Mymensingh,14/12/2021,0
Dhaka,15/12/2021,12
Chottogram,15/12/2021,2
Khulna,15/12/2021,1
Rangpur,15/12/2021,0
Rajshahi,15/12/2021,0
Barishal,15/12/2021,0
Sylet,15/12/2021,0
Mymensingh,15/12/2021,1
Dhaka,16/12/2021,12
Chottogram,16/12/2021,2
Khulna,16/12/2021,0
Rangpur,16/12/2021,0
Rajshahi,16/12/2021,0
Barishal,16/12/2021,1
Sylet,16/12/2021,0
Mymensingh,16/12/2021,1
Dhaka,17/12/2021,14
Chottogram,17/12/2021,0
Khulna,17/12/2021,0
Rangpur,17/12/2021,0
Rajshahi,17/12/2021,0
Barishal,17/12/2021,0
Sylet,17/12/2021,0
Mymensingh,17/12/2021,0
Dhaka,18/12/2021,21
Chottogram,18/12/2021,5
Khulna,18/12/2021,0
Rangpur,18/12/2021,0
Rajshahi,18/12/2021,2
Barishal,18/12/2021,0
Sylet,18/12/2021,0
Mymensingh,18/12/2021,0
Dhaka,19/12/2021,20
Chottogram,19/12/2021,26
Khulna,19/12/2021,3
Rangpur,19/12/2021,0
Rajshahi,19/12/2021,0
Barishal,19/12/2021,0
Sylet,19/12/2021,0
Mymensingh,19/12/2021,1
Dhaka,20/12/2021,18
Chottogram,20/12/2021,19
Khulna,20/12/2021,0
Rangpur,20/12/2021,0
Rajshahi,20/12/2021,0
Barishal,20/12/2021,2
Sylet,20/12/2021,0
Mymensingh,20/12/2021,0
Dhaka,21/12/2021,12
Chottogram,21/12/2021,1
Khulna,21/12/2021,0
Rangpur,21/12/2021,0
Rajshahi,21/12/2021,0
Barishal,21/12/2021,0
Sylet,21/12/2021,0
Mymensingh,21/12/2021,0
Dhaka,22/12/2021,10
Chottogram,22/12/2021,57
Khulna,22/12/2021,1
Rangpur,22/12/2021,0
Rajshahi,22/12/2021,0
Barishal,22/12/2021,0
Sylet,22/12/2021,0
Mymensingh,22/12/2021,1
Dhaka,23/12/2021,9
Chottogram,23/12/2021,14
Khulna,23/12/2021,0
Rangpur,23/12/2021,0
Rajshahi,23/12/2021,0
Barishal,23/12/2021,1
Sylet,23/12/2021,0
Mymensingh,23/12/2021,0
Dhaka,24/12/2021,7
Chottogram,24/12/2021,0
Khulna,24/12/2021,0
Rangpur,24/12/2021,0
Rajshahi,24/12/2021,0
Barishal,24/12/2021,0
Sylet,24/12/2021,0
Mymensingh,24/12/2021,0
Dhaka,25/12/2021,16
Chottogram,25/12/2021,0
Khulna,25/12/2021,1
Rangpur,25/12/2021,0
Rajshahi,25/12/2021,1
Barishal,25/12/2021,0
Sylet,25/12/2021,0
Mymensingh,25/12/2021,0
Dhaka,26/12/2021,4
Chottogram,26/12/2021,3
Khulna,26/12/2021,0
Rangpur,26/12/2021,0
Rajshahi,26/12/2021,0
Barishal,26/12/2021,0
Sylet,26/12/2021,0
Mymensingh,26/12/2021,0
Dhaka,27/12/2021,7
Chottogram,27/12/2021,2
Khulna,27/12/2021,0
Rangpur,27/12/2021,0
Rajshahi,27/12/2021,0
Barishal,27/12/2021,0
Sylet,27/12/2021,0
Mymensingh,27/12/2021,1
Dhaka,28/12/2021,6
Chottogram,28/12/2021,7
Khulna,28/12/2021,0
Rangpur,28/12/2021,0
Rajshahi,28/12/2021,0
Barishal,28/12/2021,0
Sylet,28/12/2021,0
Mymensingh,28/12/2021,0
Dhaka,29/12/2021,9
Chottogram,29/12/2021,1
Khulna,29/12/2021,0
Rangpur,29/12/2021,0
Rajshahi,29/12/2021,0
Barishal,29/12/2021,0
Sylet,29/12/2021,0
Mymensingh,29/12/2021,1
Dhaka,30/12/2021,3
Chottogram,30/12/2021,28
Khulna,30/12/2021,0
Rangpur,30/12/2021,0
Rajshahi,30/12/2021,0
Barishal,30/12/2021,0
Sylet,30/12/2021,0
Mymensingh,30/12/2021,0
Dhaka,1/1/2022,2
Chottogram,1/1/2022,1
Khulna,1/1/2022,0
Rangpur,1/1/2022,0
Rajshahi,1/1/2022,0
Barishal,1/1/2022,1
Sylet,1/1/2022,0
Mymensingh,1/1/2022,0
Dhaka,2/1/2022,9
Chottogram,2/1/2022,1
Khulna,2/1/2022,0
Rangpur,2/1/2022,0
Rajshahi,2/1/2022,0
Barishal,2/1/2022,0
Sylet,2/1/2022,0
Mymensingh,2/1/2022,0
Dhaka,3/1/2022,13
Chottogram,3/1/2022,26
Khulna,3/1/2022,0
Rangpur,3/1/2022,0
Rajshahi,3/1/2022,0
Barishal,3/1/2022,0
Sylet,3/1/2022,0
Mymensingh,3/1/2022,0
Dhaka,4/1/2022,3
Chottogram,4/1/2022,0
Khulna,4/1/2022,0
Rangpur,4/1/2022,0
Rajshahi,4/1/2022,0
Barishal,4/1/2022,1
Sylet,4/1/2022,0
Mymensingh,4/1/2022,0
Dhaka,5/1/2022,2
Chottogram,5/1/2022,2
Khulna,5/1/2022,0
Rangpur,5/1/2022,0
Rajshahi,5/1/2022,0
Barishal,5/1/2022,0
Sylet,5/1/2022,0
Mymensingh,5/1/2022,0
Dhaka,6/1/2022,3
Chottogram,6/1/2022,6
Khulna,6/1/2022,0
Rangpur,6/1/2022,0
Rajshahi,6/1/2022,0
Barishal,6/1/2022,0
Sylet,6/1/2022,0
Mymensingh,6/1/2022,0
Dhaka,7/1/2022,1
Chottogram,7/1/2022,0
Khulna,7/1/2022,0
Rangpur,7/1/2022,0
Rajshahi,7/1/2022,0
Barishal,7/1/2022,0
Sylet,7/1/2022,0
Mymensingh,7/1/2022,0
Dhaka,8/1/2022,2
Chottogram,8/1/2022,0
Khulna,8/1/2022,0
Rangpur,8/1/2022,0
Rajshahi,8/1/2022,0
Barishal,8/1/2022,0
Sylet,8/1/2022,0
Mymensingh,8/1/2022,0
Dhaka,9/1/2022,28
Chottogram,9/1/2022,3
Khulna,9/1/2022,0
Rangpur,9/1/2022,0
Rajshahi,9/1/2022,0
Barishal,9/1/2022,0
Sylet,9/1/2022,0
Mymensingh,9/1/2022,0
Dhaka,10/1/2022,2
Chottogram,10/1/2022,1
Khulna,10/1/2022,0
Rangpur,10/1/2022,0
Rajshahi,10/1/2022,0
Barishal,10/1/2022,0
Sylet,10/1/2022,0
Mymensingh,10/1/2022,0
Dhaka,11/1/2022,3
Chottogram,11/1/2022,1
Khulna,11/1/2022,0
Rangpur,11/1/2022,0
Rajshahi,11/1/2022,0
Barishal,11/1/2022,0
Sylet,11/1/2022,0
Mymensingh,11/1/2022,0
Dhaka,12/1/2022,0
Chottogram,12/1/2022,12
Khulna,12/1/2022,0
Rangpur,12/1/2022,0
Rajshahi,12/1/2022,0
Barishal,12/1/2022,1
Sylet,12/1/2022,0
Mymensingh,12/1/2022,0
Dhaka,13/1/2022,3
Chottogram,13/1/2022,0
Khulna,13/1/2022,0
Rangpur,13/1/2022,0
Rajshahi,13/1/2022,0
Barishal,13/1/2022,0
Sylet,13/1/2022,0
Mymensingh,13/1/2022,0
Dhaka,14/1/2022,1
Chottogram,14/1/2022,0
Khulna,14/1/2022,0
Rangpur,14/1/2022,0
Rajshahi,14/1/2022,0
Barishal,14/1/2022,0
Sylet,14/1/2022,0
Mymensingh,14/1/2022,0
Dhaka,15/1/2022,3
Chottogram,15/1/2022,0
Khulna,15/1/2022,0
Rangpur,15/1/2022,0
Rajshahi,15/1/2022,0
Barishal,15/1/2022,0
Sylet,15/1/2022,0
Mymensingh,15/1/2022,0
Dhaka,16/1/2022,2
Chottogram,16/1/2022,0
Khulna,16/1/2022,0
Rangpur,16/1/2022,0
Rajshahi,16/1/2022,0
Barishal,16/1/2022,0
Sylet,16/1/2022,0
Mymensingh,16/1/2022,0
Dhaka,17/1/2022,2
Chottogram,17/1/2022,0
Khulna,17/1/2022,0
Rangpur,17/1/2022,0
Rajshahi,17/1/2022,0
Barishal,17/1/2022,0
Sylet,17/1/2022,0
Mymensingh,17/1/2022,0
Dhaka,18/1/2022,3
Chottogram,18/1/2022,1
Khulna,18/1/2022,0
Rangpur,18/1/2022,0
Rajshahi,18/1/2022,0
Barishal,18/1/2022,0
Sylet,18/1/2022,0
Mymensingh,18/1/2022,0
Dhaka,19/1/2022,5
Chottogram,19/1/2022,2
Khulna,19/1/2022,0
Rangpur,19/1/2022,0
Rajshahi,19/1/2022,0
Barishal,19/1/2022,0
Sylet,19/1/2022,0
Mymensingh,19/1/2022,0
Dhaka,20/1/2022,1
Chottogram,20/1/2022,0
Khulna,20/1/2022,0
Rangpur,20/1/2022,0
Rajshahi,20/1/2022,0
Barishal,20/1/2022,0
Sylet,20/1/2022,0
Mymensingh,20/1/2022,0
Dhaka,21/1/2022,0
Chottogram,21/1/2022,0
Khulna,21/1/2022,0
Rangpur,21/1/2022,0
Rajshahi,21/1/2022,0
Barishal,21/1/2022,0
Sylet,21/1/2022,0
Mymensingh,21/1/2022,0
Dhaka,22/1/2022,0
Chottogram,22/1/2022,0
Khulna,22/1/2022,0
Rangpur,22/1/2022,0
Rajshahi,22/1/2022,0
Barishal,22/1/2022,0
Sylet,22/1/2022,0
Mymensingh,22/1/2022,0
Dhaka,23/1/2022,1
Chottogram,23/1/2022,0
Khulna,23/1/2022,1
Rangpur,23/1/2022,0
Rajshahi,23/1/2022,0
Barishal,23/1/2022,0
Sylet,23/1/2022,0
Mymensingh,23/1/2022,0
Dhaka,24/1/2022,2
Chottogram,24/1/2022,1
Khulna,24/1/2022,0
Rangpur,24/1/2022,0
Rajshahi,24/1/2022,0
Barishal,24/1/2022,0
Sylet,24/1/2022,0
Mymensingh,24/1/2022,0
Dhaka,25/1/2022,1
Chottogram,25/1/2022,0
Khulna,25/1/2022,0
Rangpur,25/1/2022,0
Rajshahi,25/1/2022,0
Barishal,25/1/2022,0
Sylet,25/1/2022,0
Mymensingh,25/1/2022,0
Dhaka,26/1/2022,0
Chottogram,26/1/2022,0
Khulna,26/1/2022,0
Rangpur,26/1/2022,0
Rajshahi,26/1/2022,0
Barishal,26/1/2022,0
Sylet,26/1/2022,0
Mymensingh,26/1/2022,0
Dhaka,27/1/2022,1
Chottogram,27/1/2022,0
Khulna,27/1/2022,0
Rangpur,27/1/2022,0
Rajshahi,27/1/2022,0
Barishal,27/1/2022,0
Sylet,27/1/2022,0
Mymensingh,27/1/2022,0
Dhaka,28/1/2022,2
Chottogram,28/1/2022,0
Khulna,28/1/2022,0
Rangpur,28/1/2022,0
Rajshahi,28/1/2022,0
Barishal,28/1/2022,0
Sylet,28/1/2022,0
Mymensingh,28/1/2022,0
Dhaka,29/1/2022,0
Chottogram,29/1/2022,0
Khulna,29/1/2022,0
Rangpur,29/1/2022,0
Rajshahi,29/1/2022,0
Barishal,29/1/2022,0
Sylet,29/1/2022,0
Mymensingh,29/1/2022,0
Dhaka,30/1/2022,0
Chottogram,30/1/2022,0
Khulna,30/1/2022,0
Rangpur,30/1/2022,0
Rajshahi,30/1/2022,0
Barishal,30/1/2022,0
Sylet,30/1/2022,0
Mymensingh,30/1/2022,0
Dhaka,31/1/2022,0
Chottogram,31/1/2022,1
Khulna,31/1/2022,0
Rangpur,31/1/2022,0
Rajshahi,31/1/2022,0
Barishal,31/1/2022,0
Sylet,31/1/2022,0
Mymensingh,31/1/2022,0
Dhaka,1/7/2022,19
Chottogram,1/7/2022,3
Khulna,1/7/2022,0
Rangpur,1/7/2022,0
Rajshahi,1/7/2022,0
Barishal,1/7/2022,0
Sylet,1/7/2022,0
Mymensingh,1/7/2022,0
Dhaka,2/7/2022,47
Chottogram,2/7/2022,1
Khulna,2/7/2022,0
Rangpur,2/7/2022,0
Rajshahi,2/7/2022,0
Barishal,2/7/2022,0
Sylet,2/7/2022,0
Mymensingh,2/7/2022,0
Dhaka,3/7/2022,32
Chottogram,3/7/2022,5
Khulna,3/7/2022,0
Rangpur,3/7/2022,0
Rajshahi,3/7/2022,0
Barishal,3/7/2022,4
Sylet,3/7/2022,0
Mymensingh,3/7/2022,1
Dhaka,4/7/2022,31
Chottogram,4/7/2022,3
Khulna,4/7/2022,2
Rangpur,4/7/2022,0
Rajshahi,4/7/2022,0
Barishal,4/7/2022,0
Sylet,4/7/2022,0
Mymensingh,4/7/2022,0
Dhaka,5/7/2022,43
Chottogram,5/7/2022,0
Khulna,5/7/2022,0
Rangpur,5/7/2022,0
Rajshahi,5/7/2022,0
Barishal,5/7/2022,0
Sylet,5/7/2022,0
Mymensingh,5/7/2022,2
Dhaka,6/7/2022,32
Chottogram,6/7/2022,0
Khulna,6/7/2022,0
Rangpur,6/7/2022,0
Rajshahi,6/7/2022,0
Barishal,6/7/2022,0
Sylet,6/7/2022,0
Mymensingh,6/7/2022,0
Dhaka,7/7/2022,28
Chottogram,7/7/2022,0
Khulna,7/7/2022,0
Rangpur,7/7/2022,0
Rajshahi,7/7/2022,0
Barishal,7/7/2022,0
Sylet,7/7/2022,0
Mymensingh,7/7/2022,0
Dhaka,8/7/2022,29
Chottogram,8/7/2022,0
Khulna,8/7/2022,0
Rangpur,8/7/2022,0
Rajshahi,8/7/2022,0
Barishal,8/7/2022,0
Sylet,8/7/2022,0
Mymensingh,8/7/2022,0
Dhaka,9/7/2022,17
Chottogram,9/7/2022,0
Khulna,9/7/2022,0
Rangpur,9/7/2022,0
Rajshahi,9/7/2022,0
Barishal,9/7/2022,0
Sylet,9/7/2022,0
Mymensingh,9/7/2022,0
Dhaka,1/8/2022,68
Chottogram,1/8/2022,17
Khulna,1/8/2022,1
Rangpur,1/8/2022,0
Rajshahi,1/8/2022,3
Barishal,1/8/2022,0
Sylet,1/8/2022,0
Mymensingh,1/8/2022,1
Dhaka,2/8/2022,51
Chottogram,2/8/2022,14
Khulna,2/8/2022,0
Rangpur,2/8/2022,0
Rajshahi,2/8/2022,0
Barishal,2/8/2022,0
Sylet,2/8/2022,0
Mymensingh,2/8/2022,0
Dhaka,3/8/2022,59
Chottogram,3/8/2022,17
Khulna,3/8/2022,0
Rangpur,3/8/2022,0
Rajshahi,3/8/2022,0
Barishal,3/8/2022,0
Sylet,3/8/2022,0
Mymensingh,3/8/2022,1
Dhaka,4/8/2022,67
Chottogram,4/8/2022,19
Khulna,4/8/2022,0
Rangpur,4/8/2022,0
Rajshahi,4/8/2022,0
Barishal,4/8/2022,0
Sylet,4/8/2022,0
Mymensingh,4/8/2022,1
Dhaka,5/8/2022,40
Chottogram,5/8/2022,0
Khulna,5/8/2022,0
Rangpur,5/8/2022,0
Rajshahi,5/8/2022,0
Barishal,5/8/2022,0
Sylet,5/8/2022,0
Mymensingh,5/8/2022,0
Dhaka,6/8/2022,77
Chottogram,6/8/2022,0
Khulna,6/8/2022,0
Rangpur,6/8/2022,0
Rajshahi,6/8/2022,0
Barishal,6/8/2022,0
Sylet,6/8/2022,0
Mymensingh,6/8/2022,0
Dhaka,7/8/2022,73
Chottogram,7/8/2022,14
Khulna,7/8/2022,0
Rangpur,7/8/2022,0
Rajshahi,7/8/2022,0
Barishal,7/8/2022,0
Sylet,7/8/2022,0
Mymensingh,7/8/2022,0
Dhaka,8/8/2022,59
Chottogram,8/8/2022,18
Khulna,8/8/2022,2
Rangpur,8/8/2022,0
Rajshahi,8/8/2022,0
Barishal,8/8/2022,0
Sylet,8/8/2022,0
Mymensingh,8/8/2022,0
Dhaka,9/8/2022,50
Chottogram,9/8/2022,0
Khulna,9/8/2022,0
Rangpur,9/8/2022,0
Rajshahi,9/8/2022,0
Barishal,9/8/2022,0
Sylet,9/8/2022,0
Mymensingh,9/8/2022,3
Dhaka,10/8/2022,73
Chottogram,10/8/2022,18
Khulna,10/8/2022,1
Rangpur,10/8/2022,0
Rajshahi,10/8/2022,0
Barishal,10/8/2022,0
Sylet,10/8/2022,0
Mymensingh,10/8/2022,0
Dhaka,11/8/2022,73
Chottogram,11/8/2022,13
Khulna,11/8/2022,4
Rangpur,11/8/2022,0
Rajshahi,11/8/2022,0
Barishal,11/8/2022,0
Sylet,11/8/2022,0
Mymensingh,11/8/2022,0
Dhaka,12/8/2022,50
Chottogram,12/8/2022,0
Khulna,12/8/2022,1
Rangpur,12/8/2022,0
Rajshahi,12/8/2022,0
Barishal,12/8/2022,0
Sylet,12/8/2022,0
Mymensingh,12/8/2022,0
Dhaka,13/8/2022,89
Chottogram,13/8/2022,0
Khulna,13/8/2022,1
Rangpur,13/8/2022,0
Rajshahi,13/8/2022,0
Barishal,13/8/2022,1
Sylet,13/8/2022,0
Mymensingh,13/8/2022,1
Dhaka,14/8/2022,72
Chottogram,14/8/2022,39
Khulna,14/8/2022,3
Rangpur,14/8/2022,0
Rajshahi,14/8/2022,0
Barishal,14/8/2022,1
Sylet,14/8/2022,0
Mymensingh,14/8/2022,1
Dhaka,15/8/2022,59
Chottogram,15/8/2022,24
Khulna,15/8/2022,2
Rangpur,15/8/2022,0
Rajshahi,15/8/2022,0
Barishal,15/8/2022,1
Sylet,15/8/2022,0
Mymensingh,15/8/2022,0
Dhaka,16/8/2022,108
Chottogram,16/8/2022,16
Khulna,16/8/2022,1
Rangpur,16/8/2022,0
Rajshahi,16/8/2022,0
Barishal,16/8/2022,1
Sylet,16/8/2022,0
Mymensingh,16/8/2022,2
Dhaka,17/8/2022,81
Chottogram,17/8/2022,14
Khulna,17/8/2022,1
Rangpur,17/8/2022,0
Rajshahi,17/8/2022,0
Barishal,17/8/2022,1
Sylet,17/8/2022,0
Mymensingh,17/8/2022,0
Dhaka,18/8/2022,81
Chottogram,18/8/2022,8
Khulna,18/8/2022,0
Rangpur,18/8/2022,0
Rajshahi,18/8/2022,0
Barishal,18/8/2022,0
Sylet,18/8/2022,0
Mymensingh,18/8/2022,4
Dhaka,23/8/2022,108
Chottogram,23/8/2022,43
Khulna,23/8/2022,1
Rangpur,23/8/2022,0
Rajshahi,23/8/2022,0
Barishal,23/8/2022,0
Sylet,23/8/2022,0
Mymensingh,23/8/2022,1
Dhaka,24/8/2022,127
Chottogram,24/8/2022,29
Khulna,24/8/2022,6
Rangpur,24/8/2022,0
Rajshahi,24/8/2022,0
Barishal,24/8/2022,0
Sylet,24/8/2022,0
Mymensingh,24/8/2022,0
Dhaka,25/8/2022,142
Chottogram,25/8/2022,31
Khulna,25/8/2022,1
Rangpur,25/8/2022,0
Rajshahi,25/8/2022,0
Barishal,25/8/2022,4
Sylet,25/8/2022,0
Mymensingh,25/8/2022,2
Dhaka,27/8/2022,111
Chottogram,27/8/2022,12
Khulna,27/8/2022,2
Rangpur,27/8/2022,0
Rajshahi,27/8/2022,0
Barishal,27/8/2022,3
Sylet,27/8/2022,0
Mymensingh,27/8/2022,3
Dhaka,28/8/2022,144
Chottogram,28/8/2022,26
Khulna,28/8/2022,1
Rangpur,28/8/2022,1
Rajshahi,28/8/2022,1
Barishal,28/8/2022,4
Sylet,28/8/2022,0
Mymensingh,28/8/2022,0
Dhaka,29/8/2022,149
Chottogram,29/8/2022,47
Khulna,29/8/2022,0
Rangpur,29/8/2022,1
Rajshahi,29/8/2022,0
Barishal,29/8/2022,2
Sylet,29/8/2022,0
Mymensingh,29/8/2022,2
Dhaka,30/8/2022,198
Chottogram,30/8/2022,32
Khulna,30/8/2022,2
Rangpur,30/8/2022,0
Rajshahi,30/8/2022,0
Barishal,30/8/2022,4
Sylet,30/8/2022,0
Mymensingh,30/8/2022,1
Dhaka,31/8/2022,205
Chottogram,31/8/2022,33
Khulna,31/8/2022,7
Rangpur,31/8/2022,5
Rajshahi,31/8/2022,4
Barishal,31/8/2022,74
Sylet,31/8/2022,1
Mymensingh,31/8/2022,1
Dhaka,1/9/2022,147
Chottogram,1/9/2022,17
Khulna,1/9/2022,7
Rangpur,1/9/2022,0
Rajshahi,1/9/2022,0
Barishal,1/9/2022,4
Sylet,1/9/2022,0
Mymensingh,1/9/2022,1
Dhaka,2/9/2022,73
Chottogram,2/9/2022,11
Khulna,2/9/2022,6
Rangpur,2/9/2022,0
Rajshahi,2/9/2022,0
Barishal,2/9/2022,0
Sylet,2/9/2022,0
Mymensingh,2/9/2022,0
Dhaka,3/9/2022,208
Chottogram,3/9/2022,25
Khulna,3/9/2022,7
Rangpur,3/9/2022,0
Rajshahi,3/9/2022,0
Barishal,3/9/2022,2
Sylet,3/9/2022,0
Mymensingh,3/9/2022,7
Dhaka,4/9/2022,159
Chottogram,4/9/2022,28
Khulna,4/9/2022,14
Rangpur,4/9/2022,0
Rajshahi,4/9/2022,0
Barishal,4/9/2022,10
Sylet,4/9/2022,1
Mymensingh,4/9/2022,1
Dhaka,5/9/2022,157
Chottogram,5/9/2022,32
Khulna,5/9/2022,8
Rangpur,5/9/2022,0
Rajshahi,5/9/2022,0
Barishal,5/9/2022,6
Sylet,5/9/2022,0
Mymensingh,5/9/2022,5
Dhaka,6/9/2022,228
Chottogram,6/9/2022,33
Khulna,6/9/2022,13
Rangpur,6/9/2022,0
Rajshahi,6/9/2022,0
Barishal,6/9/2022,9
Sylet,6/9/2022,0
Mymensingh,6/9/2022,1
Dhaka,7/9/2022,201
Chottogram,7/9/2022,47
Khulna,7/9/2022,20
Rangpur,7/9/2022,0
Rajshahi,7/9/2022,0
Barishal,7/9/2022,6
Sylet,7/9/2022,1
Mymensingh,7/9/2022,4
Dhaka,8/9/2022,204
Chottogram,8/9/2022,40
Khulna,8/9/2022,7
Rangpur,8/9/2022,0
Rajshahi,8/9/2022,3
Barishal,8/9/2022,20
Sylet,8/9/2022,3
Mymensingh,8/9/2022,1
Dhaka,9/9/2022,140
Chottogram,9/9/2022,0
Khulna,9/9/2022,1
Rangpur,9/9/2022,0
Rajshahi,9/9/2022,4
Barishal,9/9/2022,0
Sylet,9/9/2022,5
Mymensingh,9/9/2022,0
Dhaka,10/9/2022,244
Chottogram,10/9/2022,33
Khulna,10/9/2022,4
Rangpur,10/9/2022,0
Rajshahi,10/9/2022,0
Barishal,10/9/2022,8
Sylet,10/9/2022,0
Mymensingh,10/9/2022,5
Dhaka,11/9/2022,242
Chottogram,11/9/2022,88
Khulna,11/9/2022,15
Rangpur,11/9/2022,1
Rajshahi,11/9/2022,1
Barishal,11/9/2022,11
Sylet,11/9/2022,4
Mymensingh,11/9/2022,1
Dhaka,12/9/2022,245
Chottogram,12/9/2022,52
Khulna,12/9/2022,13
Rangpur,12/9/2022,6
Rajshahi,12/9/2022,9
Barishal,12/9/2022,18
Sylet,12/9/2022,5
Mymensingh,12/9/2022,7
Dhaka,13/9/2022,254
Chottogram,13/9/2022,53
Khulna,13/9/2022,16
Rangpur,13/9/2022,3
Rajshahi,13/9/2022,3
Barishal,13/9/2022,15
Sylet,13/9/2022,0
Mymensingh,13/9/2022,9
Dhaka,14/9/2022,223
Chottogram,14/9/2022,49
Khulna,14/9/2022,17
Rangpur,14/9/2022,0
Rajshahi,14/9/2022,15
Barishal,14/9/2022,8
Sylet,14/9/2022,0
Mymensingh,14/9/2022,3
Dhaka,15/9/2022,303
Chottogram,15/9/2022,49
Khulna,15/9/2022,17
Rangpur,15/9/2022,0
Rajshahi,15/9/2022,15
Barishal,15/9/2022,8
Sylet,15/9/2022,0
Mymensingh,15/9/2022,3
Dhaka,16/9/2022,138
Chottogram,16/9/2022,7
Khulna,16/9/2022,6
Rangpur,16/9/2022,0
Rajshahi,16/9/2022,9
Barishal,16/9/2022,0
Sylet,16/9/2022,0
Mymensingh,16/9/2022,4
Dhaka,17/9/2022,317
Chottogram,17/9/2022,14
Khulna,17/9/2022,14
Rangpur,17/9/2022,6
Rajshahi,17/9/2022,8
Barishal,17/9/2022,17
Sylet,17/9/2022,0
Mymensingh,17/9/2022,5
Dhaka,18/9/2022,288
Chottogram,18/9/2022,49
Khulna,18/9/2022,34
Rangpur,18/9/2022,0
Rajshahi,18/9/2022,12
Barishal,18/9/2022,11
Sylet,18/9/2022,5
Mymensingh,18/9/2022,5
Dhaka,19/9/2022,263
Chottogram,19/9/2022,57
Khulna,19/9/2022,20
Rangpur,19/9/2022,1
Rajshahi,19/9/2022,26
Barishal,19/9/2022,19
Sylet,19/9/2022,2
Mymensingh,19/9/2022,4
Dhaka,20/9/2022,326
Chottogram,20/9/2022,50
Khulna,20/9/2022,32
Rangpur,20/9/2022,0
Rajshahi,20/9/2022,10
Barishal,20/9/2022,13
Sylet,20/9/2022,0
Mymensingh,20/9/2022,7
Dhaka,21/9/2022,339
Chottogram,21/9/2022,34
Khulna,21/9/2022,24
Rangpur,21/9/2022,0
Rajshahi,21/9/2022,16
Barishal,21/9/2022,17
Sylet,21/9/2022,0
Mymensingh,21/9/2022,1
Dhaka,22/9/2022,320
Chottogram,22/9/2022,55
Khulna,22/9/2022,20
Rangpur,22/9/2022,0
Rajshahi,22/9/2022,18
Barishal,22/9/2022,17
Sylet,22/9/2022,0
Mymensingh,22/9/2022,7
Dhaka,23/9/2022,92
Chottogram,23/9/2022,16
Khulna,23/9/2022,7
Rangpur,23/9/2022,0
Rajshahi,23/9/2022,2
Barishal,23/9/2022,1
Sylet,23/9/2022,2
Mymensingh,23/9/2022,5
Dhaka,24/9/2022,326
Chottogram,24/9/2022,67
Khulna,24/9/2022,13
Rangpur,24/9/2022,2
Rajshahi,24/9/2022,15
Barishal,24/9/2022,9
Sylet,24/9/2022,0
Mymensingh,24/9/2022,8
Dhaka,25/9/2022,329
Chottogram,25/9/2022,42
Khulna,25/9/2022,30
Rangpur,25/9/2022,1
Rajshahi,25/9/2022,12
Barishal,25/9/2022,19
Sylet,25/9/2022,9
Mymensingh,25/9/2022,7
Dhaka,26/9/2022,348
Chottogram,26/9/2022,44
Khulna,26/9/2022,50
Rangpur,26/9/2022,0
Rajshahi,26/9/2022,23
Barishal,26/9/2022,14
Sylet,26/9/2022,0
Mymensingh,26/9/2022,3
Dhaka,27/9/2022,35
Chottogram,27/9/2022,42
Khulna,27/9/2022,40
Rangpur,27/9/2022,1
Rajshahi,27/9/2022,22
Barishal,27/9/2022,17
Sylet,27/9/2022,0
Mymensingh,27/9/2022,7
Dhaka,28/9/2022,392
Chottogram,28/9/2022,58
Khulna,28/9/2022,24
Rangpur,28/9/2022,0
Rajshahi,28/9/2022,30
Barishal,28/9/2022,19
Sylet,28/9/2022,0
Mymensingh,28/9/2022,1
Dhaka,29/9/2022,372
Chottogram,29/9/2022,45
Khulna,29/9/2022,44
Rangpur,29/9/2022,0
Rajshahi,29/9/2022,20
Barishal,29/9/2022,21
Sylet,29/9/2022,0
Mymensingh,29/9/2022,4
Dhaka,30/9/2022,157
Chottogram,30/9/2022,36
Khulna,30/9/2022,18
Rangpur,30/9/2022,0
Rajshahi,30/9/2022,16
Barishal,30/9/2022,2
Sylet,30/9/2022,1
Mymensingh,30/9/2022,10
Dhaka,1/10/2022,521
Chottogram,1/10/2022,42
Khulna,1/10/2022,26
Rangpur,1/10/2022,0
Rajshahi,1/10/2022,28
Barishal,1/10/2022,17
Sylet,1/10/2022,0
Mymensingh,1/10/2022,1
Dhaka,2/10/2022,396
Chottogram,2/10/2022,69
Khulna,2/10/2022,31
Rangpur,2/10/2022,0
Rajshahi,2/10/2022,22
Barishal,2/10/2022,44
Sylet,2/10/2022,0
Mymensingh,2/10/2022,6
Dhaka,3/10/2022,364
Chottogram,3/10/2022,60
Khulna,3/10/2022,39
Rangpur,3/10/2022,1
Rajshahi,3/10/2022,28
Barishal,3/10/2022,23
Sylet,3/10/2022,1
Mymensingh,3/10/2022,4
Dhaka,4/10/2022,368
Chottogram,4/10/2022,33
Khulna,4/10/2022,29
Rangpur,4/10/2022,0
Rajshahi,4/10/2022,27
Barishal,4/10/2022,24
Sylet,4/10/2022,1
Mymensingh,4/10/2022,0
Dhaka,5/10/2022,290
Chottogram,5/10/2022,21
Khulna,5/10/2022,15
Rangpur,5/10/2022,0
Rajshahi,5/10/2022,8
Barishal,5/10/2022,6
Sylet,5/10/2022,0
Mymensingh,5/10/2022,4
Dhaka,6/10/2022,196
Chottogram,6/10/2022,22
Khulna,6/10/2022,43
Rangpur,6/10/2022,0
Rajshahi,6/10/2022,12
Barishal,6/10/2022,35
Sylet,6/10/2022,0
Mymensingh,6/10/2022,10
Dhaka,7/10/2022,195
Chottogram,7/10/2022,0
Khulna,7/10/2022,13
Rangpur,7/10/2022,0
Rajshahi,7/10/2022,25
Barishal,7/10/2022,1
Sylet,7/10/2022,0
Mymensingh,7/10/2022,0
Dhaka,8/10/2022,513
Chottogram,8/10/2022,102
Khulna,8/10/2022,28
Rangpur,8/10/2022,0
Rajshahi,8/10/2022,18
Barishal,8/10/2022,42
Sylet,8/10/2022,4
Mymensingh,8/10/2022,5
Dhaka,9/10/2022,251
Chottogram,9/10/2022,18
Khulna,9/10/2022,34
Rangpur,9/10/2022,1
Rajshahi,9/10/2022,15
Barishal,9/10/2022,9
Sylet,9/10/2022,0
Mymensingh,9/10/2022,6
Dhaka,10/10/2022,407
Chottogram,10/10/2022,90
Khulna,10/10/2022,34
Rangpur,10/10/2022,8
Rajshahi,10/10/2022,19
Barishal,10/10/2022,51
Sylet,10/10/2022,0
Mymensingh,10/10/2022,15
Dhaka,11/10/2022,231
Chottogram,11/10/2022,23
Khulna,11/10/2022,48
Rangpur,11/10/2022,2
Rajshahi,11/10/2022,18
Barishal,11/10/2022,34
Sylet,11/10/2022,0
Mymensingh,11/10/2022,8
Dhaka,12/10/2022,427
Chottogram,12/10/2022,75
Khulna,12/10/2022,40
Rangpur,12/10/2022,3
Rajshahi,12/10/2022,41
Barishal,12/10/2022,49
Sylet,12/10/2022,4
Mymensingh,12/10/2022,8
Dhaka,13/10/2022,532
Chottogram,13/10/2022,87
Khulna,13/10/2022,48
Rangpur,13/10/2022,1
Rajshahi,13/10/2022,40
Barishal,13/10/2022,40
Sylet,13/10/2022,2
Mymensingh,13/10/2022,15
Dhaka,14/10/2022,204
Chottogram,14/10/2022,26
Khulna,14/10/2022,14
Rangpur,14/10/2022,0
Rajshahi,14/10/2022,33
Barishal,14/10/2022,20
Sylet,14/10/2022,0
Mymensingh,14/10/2022,1
Dhaka,15/10/2022,502
Chottogram,15/10/2022,96
Khulna,15/10/2022,32
Rangpur,15/10/2022,0
Rajshahi,15/10/2022,32
Barishal,15/10/2022,51
Sylet,15/10/2022,1
Mymensingh,15/10/2022,20
Dhaka,16/10/2022,568
Chottogram,16/10/2022,195
Khulna,16/10/2022,62
Rangpur,16/10/2022,2
Rajshahi,16/10/2022,42
Barishal,16/10/2022,47
Sylet,16/10/2022,2
Mymensingh,16/10/2022,16
Dhaka,17/10/2022,603
Chottogram,17/10/2022,88
Khulna,17/10/2022,65
Rangpur,17/10/2022,0
Rajshahi,17/10/2022,26
Barishal,17/10/2022,68
Sylet,17/10/2022,2
Mymensingh,17/10/2022,5
Dhaka,18/10/2022,614
Chottogram,18/10/2022,123
Khulna,18/10/2022,43
Rangpur,18/10/2022,1
Rajshahi,18/10/2022,51
Barishal,18/10/2022,44
Sylet,18/10/2022,3
Mymensingh,18/10/2022,21
Dhaka,19/10/2022,623
Chottogram,19/10/2022,96
Khulna,19/10/2022,40
Rangpur,19/10/2022,0
Rajshahi,19/10/2022,43
Barishal,19/10/2022,42
Sylet,19/10/2022,7
Mymensingh,19/10/2022,13
Dhaka,20/10/2022,546
Chottogram,20/10/2022,97
Khulna,20/10/2022,67
Rangpur,20/10/2022,1
Rajshahi,20/10/2022,52
Barishal,20/10/2022,72
Sylet,20/10/2022,5
Mymensingh,20/10/2022,16
Dhaka,21/10/2022,309
Chottogram,21/10/2022,20
Khulna,21/10/2022,33
Rangpur,21/10/2022,0
Rajshahi,21/10/2022,29
Barishal,21/10/2022,10
Sylet,21/10/2022,2
Mymensingh,21/10/2022,6
Dhaka,22/10/2022,607
Chottogram,22/10/2022,120
Khulna,22/10/2022,61
Rangpur,22/10/2022,6
Rajshahi,22/10/2022,25
Barishal,22/10/2022,82
Sylet,22/10/2022,2
Mymensingh,22/10/2022,19
Dhaka,23/10/2022,694
Chottogram,23/10/2022,145
Khulna,23/10/2022,65
Rangpur,23/10/2022,0
Rajshahi,23/10/2022,41
Barishal,23/10/2022,75
Sylet,23/10/2022,0
Mymensingh,23/10/2022,14
Dhaka,24/10/2022,642
Chottogram,24/10/2022,110
Khulna,24/10/2022,37
Rangpur,24/10/2022,6
Rajshahi,24/10/2022,30
Barishal,24/10/2022,48
Sylet,24/10/2022,7
Mymensingh,24/10/2022,20
Dhaka,25/10/2022,533
Chottogram,25/10/2022,96
Khulna,25/10/2022,42
Rangpur,25/10/2022,6
Rajshahi,25/10/2022,40
Barishal,25/10/2022,16
Sylet,25/10/2022,0
Mymensingh,25/10/2022,17
Dhaka,26/10/2022,592
Chottogram,26/10/2022,127
Khulna,26/10/2022,65
Rangpur,26/10/2022,2
Rajshahi,26/10/2022,54
Barishal,26/10/2022,54
Sylet,26/10/2022,2
Mymensingh,26/10/2022,27
Dhaka,27/10/2022,559
Chottogram,27/10/2022,153
Khulna,27/10/2022,51
Rangpur,27/10/2022,1
Rajshahi,27/10/2022,34
Barishal,27/10/2022,76
Sylet,27/10/2022,4
Mymensingh,27/10/2022,21
Dhaka,28/10/2022,326
Chottogram,28/10/2022,48
Khulna,28/10/2022,15
Rangpur,28/10/2022,0
Rajshahi,28/10/2022,23
Barishal,28/10/2022,7
Sylet,28/10/2022,2
Mymensingh,28/10/2022,19
Dhaka,29/10/2022,526
Chottogram,29/10/2022,158
Khulna,29/10/2022,41
Rangpur,29/10/2022,0
Rajshahi,29/10/2022,37
Barishal,29/10/2022,91
Sylet,29/10/2022,0
Mymensingh,29/10/2022,12
Dhaka,30/10/2022,691
Chottogram,30/10/2022,143
Khulna,30/10/2022,67
Rangpur,30/10/2022,3
Rajshahi,30/10/2022,36
Barishal,30/10/2022,57
Sylet,30/10/2022,6
Mymensingh,30/10/2022,17
Dhaka,31/10/2022,545
Chottogram,31/10/2022,148
Khulna,31/10/2022,48
Rangpur,31/10/2022,4
Rajshahi,31/10/2022,33
Barishal,31/10/2022,75
Sylet,31/10/2022,0
Mymensingh,31/10/2022,20
Dhaka,1/11/2022,682
Chottogram,1/11/2022,102
Khulna,1/11/2022,57
Rangpur,1/11/2022,1
Rajshahi,1/11/2022,59
Barishal,1/11/2022,51
Sylet,1/11/2022,3
Mymensingh,1/11/2022,28
Dhaka,2/11/2022,749
Chottogram,2/11/2022,140
Khulna,2/11/2022,56
Rangpur,2/11/2022,0
Rajshahi,2/11/2022,67
Barishal,2/11/2022,72
Sylet,2/11/2022,4
Mymensingh,2/11/2022,6
Dhaka,3/11/2022,538
Chottogram,3/11/2022,127
Khulna,3/11/2022,59
Rangpur,3/11/2022,19
Rajshahi,3/11/2022,54
Barishal,3/11/2022,60
Sylet,3/11/2022,4
Mymensingh,3/11/2022,21
Dhaka,4/11/2022,297
Chottogram,4/11/2022,44
Khulna,4/11/2022,32
Rangpur,4/11/2022,0
Rajshahi,4/11/2022,25
Barishal,4/11/2022,21
Sylet,4/11/2022,0
Mymensingh,4/11/2022,9
Dhaka,5/11/2022,440
Chottogram,5/11/2022,153
Khulna,5/11/2022,85
Rangpur,5/11/2022,5
Rajshahi,5/11/2022,22
Barishal,5/11/2022,69
Sylet,5/11/2022,1
Mymensingh,5/11/2022,13
Dhaka,6/11/2022,625
Chottogram,6/11/2022,102
Khulna,6/11/2022,45
Rangpur,6/11/2022,0
Rajshahi,6/11/2022,47
Barishal,6/11/2022,65
Sylet,6/11/2022,1
Mymensingh,6/11/2022,20
Dhaka,7/11/2022,582
Chottogram,7/11/2022,92
Khulna,7/11/2022,63
Rangpur,7/11/2022,6
Rajshahi,7/11/2022,36
Barishal,7/11/2022,69
Sylet,7/11/2022,2
Mymensingh,7/11/2022,25
Dhaka,8/11/2022,522
Chottogram,8/11/2022,111
Khulna,8/11/2022,74
Rangpur,8/11/2022,6
Rajshahi,8/11/2022,33
Barishal,8/11/2022,52
Sylet,8/11/2022,8
Mymensingh,8/11/2022,14
Dhaka,9/11/2022,511
Chottogram,9/11/2022,129
Khulna,9/11/2022,51
Rangpur,9/11/2022,4
Rajshahi,9/11/2022,31
Barishal,9/11/2022,53
Sylet,9/11/2022,3
Mymensingh,9/11/2022,14
Dhaka,10/11/2022,552
Chottogram,10/11/2022,169
Khulna,10/11/2022,59
Rangpur,10/11/2022,6
Rajshahi,10/11/2022,29
Barishal,10/11/2022,53
Sylet,10/11/2022,6
Mymensingh,10/11/2022,14
Dhaka,11/11/2022,180
Chottogram,11/11/2022,38
Khulna,11/11/2022,20
Rangpur,11/11/2022,0
Rajshahi,11/11/2022,13
Barishal,11/11/2022,6
Sylet,11/11/2022,0
Mymensingh,11/11/2022,9
Dhaka,12/11/2022,602
Chottogram,12/11/2022,149
Khulna,12/11/2022,54
Rangpur,12/11/2022,5
Rajshahi,12/11/2022,41
Barishal,12/11/2022,20
Sylet,12/11/2022,0
Mymensingh,12/11/2022,18
Dhaka,13/11/2022,480
Chottogram,13/11/2022,200
Khulna,13/11/2022,48
Rangpur,13/11/2022,0
Rajshahi,13/11/2022,35
Barishal,13/11/2022,62
Sylet,13/11/2022,7
Mymensingh,13/11/2022,27
Dhaka,14/11/2022,489
Chottogram,14/11/2022,123
Khulna,14/11/2022,53
Rangpur,14/11/2022,3
Rajshahi,14/11/2022,19
Barishal,14/11/2022,60
Sylet,14/11/2022,0
Mymensingh,14/11/2022,13
Dhaka,15/11/2022,456
Chottogram,15/11/2022,112
Khulna,15/11/2022,45
Rangpur,15/11/2022,3
Rajshahi,15/11/2022,23
Barishal,15/11/2022,43
Sylet,15/11/2022,1
Mymensingh,15/11/2022,9
Dhaka,16/11/2022,470
Chottogram,16/11/2022,15
Khulna,16/11/2022,25
Rangpur,16/11/2022,1
Rajshahi,16/11/2022,22
Barishal,16/11/2022,43
Sylet,16/11/2022,3
Mymensingh,16/11/2022,16
Dhaka,17/11/2022,619
Chottogram,17/11/2022,139
Khulna,17/11/2022,52
Rangpur,17/11/2022,3
Rajshahi,17/11/2022,23
Barishal,17/11/2022,34
Sylet,17/11/2022,1
Mymensingh,17/11/2022,14
Dhaka,18/11/2022,184
Chottogram,18/11/2022,21
Khulna,18/11/2022,17
Rangpur,18/11/2022,0
Rajshahi,18/11/2022,9
Barishal,18/11/2022,4
Sylet,18/11/2022,1
Mymensingh,18/11/2022,14
Dhaka,19/11/2022,340
Chottogram,19/11/2022,114
Khulna,19/11/2022,44
Rangpur,19/11/2022,0
Rajshahi,19/11/2022,20
Barishal,19/11/2022,31
Sylet,19/11/2022,0
Mymensingh,19/11/2022,10
Dhaka,20/11/2022,398
Chottogram,20/11/2022,130
Khulna,20/11/2022,39
Rangpur,20/11/2022,0
Rajshahi,20/11/2022,18
Barishal,20/11/2022,46
Sylet,20/11/2022,0
Mymensingh,20/11/2022,9
Dhaka,21/11/2022,242
Chottogram,21/11/2022,172
Khulna,21/11/2022,31
Rangpur,21/11/2022,5
Rajshahi,21/11/2022,10
Barishal,21/11/2022,33
Sylet,21/11/2022,0
Mymensingh,21/11/2022,13
Dhaka,22/11/2022,320
Chottogram,22/11/2022,90
Khulna,22/11/2022,40
Rangpur,22/11/2022,1
Rajshahi,22/11/2022,17
Barishal,22/11/2022,34
Sylet,22/11/2022,0
Mymensingh,22/11/2022,13
Dhaka,23/11/2022,199
Chottogram,23/11/2022,100
Khulna,23/11/2022,19
Rangpur,23/11/2022,2
Rajshahi,23/11/2022,15
Barishal,23/11/2022,35
Sylet,23/11/2022,0
Mymensingh,23/11/2022,7
Dhaka,24/11/2022,334
Chottogram,24/11/2022,124
Khulna,24/11/2022,21
Rangpur,24/11/2022,5
Rajshahi,24/11/2022,19
Barishal,24/11/2022,38
Sylet,24/11/2022,1
Mymensingh,24/11/2022,4
Dhaka,25/11/2022,164
Chottogram,25/11/2022,30
Khulna,25/11/2022,4
Rangpur,25/11/2022,0
Rajshahi,25/11/2022,15
Barishal,25/11/2022,0
Sylet,25/11/2022,0
Mymensingh,25/11/2022,8
Dhaka,26/11/2022,294
Chottogram,26/11/2022,96
Khulna,26/11/2022,12
Rangpur,26/11/2022,1
Rajshahi,26/11/2022,14
Barishal,26/11/2022,38
Sylet,26/11/2022,0
Mymensingh,26/11/2022,7
Dhaka,27/11/2022,349
Chottogram,27/11/2022,95
Khulna,27/11/2022,31
Rangpur,27/11/2022,2
Rajshahi,27/11/2022,13
Barishal,27/11/2022,24
Sylet,27/11/2022,3
Mymensingh,27/11/2022,6
Dhaka,28/11/2022,215
Chottogram,28/11/2022,86
Khulna,28/11/2022,25
Rangpur,28/11/2022,0
Rajshahi,28/11/2022,12
Barishal,28/11/2022,19
Sylet,28/11/2022,0
Mymensingh,28/11/2022,9
Dhaka,29/11/2022,302
Chottogram,29/11/2022,74
Khulna,29/11/2022,25
Rangpur,29/11/2022,1
Rajshahi,29/11/2022,5
Barishal,29/11/2022,18
Sylet,29/11/2022,3
Mymensingh,29/11/2022,8
Dhaka,30/11/2022,278
Chottogram,30/11/2022,96
Khulna,30/11/2022,14
Rangpur,30/11/2022,0
Rajshahi,30/11/2022,9
Barishal,30/11/2022,20
Sylet,30/11/2022,0
Mymensingh,30/11/2022,9
Dhaka,1/12/2022,271
Chottogram,1/12/2022,59
Khulna,1/12/2022,14
Rangpur,1/12/2022,0
Rajshahi,1/12/2022,9
Barishal,1/12/2022,20
Sylet,1/12/2022,0
Mymensingh,1/12/2022,7
Dhaka,2/12/2022,78
Chottogram,2/12/2022,29
Khulna,2/12/2022,3
Rangpur,2/12/2022,0
Rajshahi,2/12/2022,4
Barishal,2/12/2022,3
Sylet,2/12/2022,0
Mymensingh,2/12/2022,3
Dhaka,3/12/2022,224
Chottogram,3/12/2022,68
Khulna,3/12/2022,21
Rangpur,3/12/2022,2
Rajshahi,3/12/2022,10
Barishal,3/12/2022,16
Sylet,3/12/2022,5
Mymensingh,3/12/2022,5
Dhaka,4/12/2022,253
Chottogram,4/12/2022,108
Khulna,4/12/2022,19
Rangpur,4/12/2022,1
Rajshahi,4/12/2022,9
Barishal,4/12/2022,11
Sylet,4/12/2022,0
Mymensingh,4/12/2022,9
Dhaka,5/12/2022,183
Chottogram,5/12/2022,84
Khulna,5/12/2022,13
Rangpur,5/12/2022,3
Rajshahi,5/12/2022,8
Barishal,5/12/2022,12
Sylet,5/12/2022,0
Mymensingh,5/12/2022,5
Dhaka,6/12/2022,165
Chottogram,6/12/2022,73
Khulna,6/12/2022,11
Rangpur,6/12/2022,2
Rajshahi,6/12/2022,7
Barishal,6/12/2022,9
Sylet,6/12/2022,0
Mymensingh,6/12/2022,2
Dhaka,7/12/2022,225
Chottogram,7/12/2022,54
Khulna,7/12/2022,12
Rangpur,7/12/2022,1
Rajshahi,7/12/2022,5
Barishal,7/12/2022,18
Sylet,7/12/2022,0
Mymensingh,7/12/2022,8
Dhaka,8/12/2022,164
Chottogram,8/12/2022,47
Khulna,8/12/2022,11
Rangpur,8/12/2022,0
Rajshahi,8/12/2022,10
Barishal,8/12/2022,10
Sylet,8/12/2022,0
Mymensingh,8/12/2022,4
Dhaka,9/12/2022,87
Chottogram,9/12/2022,12
Khulna,9/12/2022,9
Rangpur,9/12/2022,1
Rajshahi,9/12/2022,4
Barishal,9/12/2022,4
Sylet,9/12/2022,0
Mymensingh,9/12/2022,1
Dhaka,10/12/2022,166
Chottogram,10/12/2022,79
Khulna,10/12/2022,3
Rangpur,10/12/2022,1
Rajshahi,10/12/2022,2
Barishal,10/12/2022,11
Sylet,10/12/2022,0
Mymensingh,10/12/2022,3
Dhaka,11/12/2022,139
Chottogram,11/12/2022,14
Khulna,11/12/2022,12
Rangpur,11/12/2022,1
Rajshahi,11/12/2022,4
Barishal,11/12/2022,15
Sylet,11/12/2022,0
Mymensingh,11/12/2022,4
Dhaka,12/12/2022,144
Chottogram,12/12/2022,45
Khulna,12/12/2022,13
Rangpur,12/12/2022,0
Rajshahi,12/12/2022,2
Barishal,12/12/2022,19
Sylet,12/12/2022,0
Mymensingh,12/12/2022,1
Dhaka,13/12/2022,127
Chottogram,13/12/2022,68
Khulna,13/12/2022,9
Rangpur,13/12/2022,0
Rajshahi,13/12/2022,3
Barishal,13/12/2022,10
Sylet,13/12/2022,0
Mymensingh,13/12/2022,3
Dhaka,14/12/2022,112
Chottogram,14/12/2022,51
Khulna,14/12/2022,4
Rangpur,14/12/2022,0
Rajshahi,14/12/2022,3
Barishal,14/12/2022,9
Sylet,14/12/2022,0
Mymensingh,14/12/2022,5
Dhaka,15/12/2022,106
Chottogram,15/12/2022,14
Khulna,15/12/2022,6
Rangpur,15/12/2022,0
Rajshahi,15/12/2022,7
Barishal,15/12/2022,6
Sylet,15/12/2022,0
Mymensingh,15/12/2022,1
Dhaka,16/12/2022,32
Chottogram,16/12/2022,10
Khulna,16/12/2022,4
Rangpur,16/12/2022,0
Rajshahi,16/12/2022,1
Barishal,16/12/2022,0
Sylet,16/12/2022,1
Mymensingh,16/12/2022,1
Dhaka,17/12/2022,78
Chottogram,17/12/2022,28
Khulna,17/12/2022,7
Rangpur,17/12/2022,0
Rajshahi,17/12/2022,1
Barishal,17/12/2022,11
Sylet,17/12/2022,0
Mymensingh,17/12/2022,0
Dhaka,18/12/2022,78
Chottogram,18/12/2022,40
Khulna,18/12/2022,14
Rangpur,18/12/2022,0
Rajshahi,18/12/2022,5
Barishal,18/12/2022,7
Sylet,18/12/2022,0
Mymensingh,18/12/2022,1
Dhaka,19/12/2022,72
Chottogram,19/12/2022,19
Khulna,19/12/2022,6
Rangpur,19/12/2022,0
Rajshahi,19/12/2022,5
Barishal,19/12/2022,10
Sylet,19/12/2022,0
Mymensingh,19/12/2022,1
Dhaka,20/12/2022,81
Chottogram,20/12/2022,17
Khulna,20/12/2022,4
Rangpur,20/12/2022,0
Rajshahi,20/12/2022,2
Barishal,20/12/2022,3
Sylet,20/12/2022,0
Mymensingh,20/12/2022,2
Dhaka,21/12/2022,86
Chottogram,21/12/2022,27
Khulna,21/12/2022,8
Rangpur,21/12/2022,0
Rajshahi,21/12/2022,0
Barishal,21/12/2022,3
Sylet,21/12/2022,0
Mymensingh,21/12/2022,2
Dhaka,22/12/2022,56
Chottogram,22/12/2022,20
Khulna,22/12/2022,9
Rangpur,22/12/2022,0
Rajshahi,22/12/2022,1
Barishal,22/12/2022,3
Sylet,22/12/2022,0
Mymensingh,22/12/2022,0
Dhaka,23/12/2022,27
Chottogram,23/12/2022,3
Khulna,23/12/2022,3
Rangpur,23/12/2022,0
Rajshahi,23/12/2022,3
Barishal,23/12/2022,0
Sylet,23/12/2022,0
Mymensingh,23/12/2022,3
Dhaka,24/12/2022,61
Chottogram,24/12/2022,19
Khulna,24/12/2022,0
Rangpur,24/12/2022,0
Rajshahi,24/12/2022,1
Barishal,24/12/2022,5
Sylet,24/12/2022,0
Mymensingh,24/12/2022,3
Dhaka,25/12/2022,35
Chottogram,25/12/2022,10
Khulna,25/12/2022,0
Rangpur,25/12/2022,1
Rajshahi,25/12/2022,0
Barishal,25/12/2022,0
Sylet,25/12/2022,0
Mymensingh,25/12/2022,3
Dhaka,26/12/2022,52
Chottogram,26/12/2022,36
Khulna,26/12/2022,8
Rangpur,26/12/2022,0
Rajshahi,26/12/2022,0
Barishal,26/12/2022,10
Sylet,26/12/2022,0
Mymensingh,26/12/2022,1
Dhaka,27/12/2022,40
Chottogram,27/12/2022,18
Khulna,27/12/2022,0
Rangpur,27/12/2022,0
Rajshahi,27/12/2022,0
Barishal,27/12/2022,3
Sylet,27/12/2022,0
Mymensingh,27/12/2022,1
Dhaka,28/12/2022,39
Chottogram,28/12/2022,18
Khulna,28/12/2022,5
Rangpur,28/12/2022,1
Rajshahi,28/12/2022,0
Barishal,28/12/2022,4
Sylet,28/12/2022,0
Mymensingh,28/12/2022,0
Dhaka,29/12/2022,31
Chottogram,29/12/2022,19
Khulna,29/12/2022,4
Rangpur,29/12/2022,0
Rajshahi,29/12/2022,3
Barishal,29/12/2022,7
Sylet,29/12/2022,0
Mymensingh,29/12/2022,1
Dhaka,30/12/2022,6
Chottogram,30/12/2022,5
Khulna,30/12/2022,1
Rangpur,30/12/2022,0
Rajshahi,30/12/2022,2
Barishal,30/12/2022,0
Sylet,30/12/2022,0
Mymensingh,30/12/2022,0
Dhaka,31/12/2022,30
Chottogram,31/12/2022,11
Khulna,31/12/2022,1
Rangpur,31/12/2022,1
Rajshahi,31/12/2022,1
Barishal,31/12/2022,2
Sylet,31/12/2022,1
Mymensingh,31/12/2022,1
Dhaka,1/1/2023,39
Chottogram,1/1/2023,4
Khulna,1/1/2023,6
Rangpur,1/1/2023,0
Rajshahi,1/1/2023,1
Barishal,1/1/2023,6
Sylet,1/1/2023,0
Mymensingh,1/1/2023,3
Dhaka,2/1/2023,25
Chottogram,2/1/2023,8
Khulna,2/1/2023,0
Rangpur,2/1/2023,0
Rajshahi,2/1/2023,1
Barishal,2/1/2023,3
Sylet,2/1/2023,0
Mymensingh,2/1/2023,1
Dhaka,3/1/2023,23
Chottogram,3/1/2023,7
Khulna,3/1/2023,4
Rangpur,3/1/2023,0
Rajshahi,3/1/2023,0
Barishal,3/1/2023,5
Sylet,3/1/2023,0
Mymensingh,3/1/2023,0
Dhaka,4/1/2023,27
Chottogram,4/1/2023,15
Khulna,4/1/2023,2
Rangpur,4/1/2023,1
Rajshahi,4/1/2023,0
Barishal,4/1/2023,4
Sylet,4/1/2023,0
Mymensingh,4/1/2023,0
Dhaka,5/1/2023,25
Chottogram,5/1/2023,4
Khulna,5/1/2023,0
Rangpur,5/1/2023,1
Rajshahi,5/1/2023,0
Barishal,5/1/2023,1
Sylet,5/1/2023,0
Mymensingh,5/1/2023,0
Dhaka,6/1/2023,5
Chottogram,6/1/2023,2
Khulna,6/1/2023,2
Rangpur,6/1/2023,0
Rajshahi,6/1/2023,0
Barishal,6/1/2023,1
Sylet,6/1/2023,0
Mymensingh,6/1/2023,0
Dhaka,7/1/2023,14
Chottogram,7/1/2023,2
Khulna,7/1/2023,0
Rangpur,7/1/2023,0
Rajshahi,7/1/2023,0
Barishal,7/1/2023,0
Sylet,7/1/2023,0
Mymensingh,7/1/2023,0
Dhaka,8/1/2023,7
Chottogram,8/1/2023,8
Khulna,8/1/2023,1
Rangpur,8/1/2023,0
Rajshahi,8/1/2023,0
Barishal,8/1/2023,10
Sylet,8/1/2023,0
Mymensingh,8/1/2023,0
Dhaka,9/1/2023,12
Chottogram,9/1/2023,4
Khulna,9/1/2023,2
Rangpur,9/1/2023,0
Rajshahi,9/1/2023,0
Barishal,9/1/2023,2
Sylet,9/1/2023,0
Mymensingh,9/1/2023,0
Dhaka,10/1/2023,18
Chottogram,10/1/2023,13
Khulna,10/1/2023,1
Rangpur,10/1/2023,0
Rajshahi,10/1/2023,0
Barishal,10/1/2023,0
Sylet,10/1/2023,0
Mymensingh,10/1/2023,0
Dhaka,11/1/2023,0
Chottogram,11/1/2023,0
Khulna,11/1/2023,0
Rangpur,11/1/2023,0
Rajshahi,11/1/2023,0
Barishal,11/1/2023,0
Sylet,11/1/2023,0
Mymensingh,11/1/2023,0
Dhaka,12/1/2023,16
Chottogram,12/1/2023,0
Khulna,12/1/2023,0
Rangpur,12/1/2023,0
Rajshahi,12/1/2023,0
Barishal,12/1/2023,1
Sylet,12/1/2023,1
Mymensingh,12/1/2023,0
Dhaka,13/1/2023,4
Chottogram,13/1/2023,5
Khulna,13/1/2023,0
Rangpur,13/1/2023,0
Rajshahi,13/1/2023,0
Barishal,13/1/2023,0
Sylet,13/1/2023,1
Mymensingh,13/1/2023,0
Dhaka,14/1/2023,5
Chottogram,14/1/2023,0
Khulna,14/1/2023,0
Rangpur,14/1/2023,0
Rajshahi,14/1/2023,1
Barishal,14/1/2023,1
Sylet,14/1/2023,0
Mymensingh,14/1/2023,0
Dhaka,15/1/2023,9
Chottogram,15/1/2023,10
Khulna,15/1/2023,1
Rangpur,15/1/2023,0
Rajshahi,15/1/2023,1
Barishal,15/1/2023,1
Sylet,15/1/2023,0
Mymensingh,15/1/2023,0
Dhaka,16/1/2023,10
Chottogram,16/1/2023,3
Khulna,16/1/2023,0
Rangpur,16/1/2023,0
Rajshahi,16/1/2023,0
Barishal,16/1/2023,0
Sylet,16/1/2023,0
Mymensingh,16/1/2023,0
Dhaka,17/1/2023,6
Chottogram,17/1/2023,5
Khulna,17/1/2023,1
Rangpur,17/1/2023,0
Rajshahi,17/1/2023,0
Barishal,17/1/2023,0
Sylet,17/1/2023,0
Mymensingh,17/1/2023,0
Dhaka,18/1/2023,10
Chottogram,18/1/2023,2
Khulna,18/1/2023,1
Rangpur,18/1/2023,0
Rajshahi,18/1/2023,1
Barishal,18/1/2023,0
Sylet,18/1/2023,0
Mymensingh,18/1/2023,0
Dhaka,19/1/2023,12
Chottogram,19/1/2023,3
Khulna,19/1/2023,0
Rangpur,19/1/2023,0
Rajshahi,19/1/2023,0
Barishal,19/1/2023,0
Sylet,19/1/2023,0
Mymensingh,19/1/2023,0
Dhaka,20/1/2023,1
Chottogram,20/1/2023,0
Khulna,20/1/2023,0
Rangpur,20/1/2023,0
Rajshahi,20/1/2023,0
Barishal,20/1/2023,0
Sylet,20/1/2023,0
Mymensingh,20/1/2023,0
Dhaka,21/1/2023,9
Chottogram,21/1/2023,2
Khulna,21/1/2023,0
Rangpur,21/1/2023,0
Rajshahi,21/1/2023,0
Barishal,21/1/2023,0
Sylet,21/1/2023,0
Mymensingh,21/1/2023,0
Dhaka,22/1/2023,4
Chottogram,22/1/2023,1
Khulna,22/1/2023,0
Rangpur,22/1/2023,0
Rajshahi,22/1/2023,0
Barishal,22/1/2023,3
Sylet,22/1/2023,0
Mymensingh,22/1/2023,0
Dhaka,23/1/2023,9
Chottogram,23/1/2023,3
Khulna,23/1/2023,0
Rangpur,23/1/2023,0
Rajshahi,23/1/2023,0
Barishal,23/1/2023,2
Sylet,23/1/2023,0
Mymensingh,23/1/2023,0
Dhaka,24/1/2023,9
Chottogram,24/1/2023,3
Khulna,24/1/2023,0
Rangpur,24/1/2023,0
Rajshahi,24/1/2023,0
Barishal,24/1/2023,2
Sylet,24/1/2023,0
Mymensingh,24/1/2023,0
Dhaka,25/1/2023,7
Chottogram,25/1/2023,2
Khulna,25/1/2023,0
Rangpur,25/1/2023,0
Rajshahi,25/1/2023,1
Barishal,25/1/2023,2
Sylet,25/1/2023,0
Mymensingh,25/1/2023,0
Dhaka,26/1/2023,0
Chottogram,26/1/2023,0
Khulna,26/1/2023,0
Rangpur,26/1/2023,0
Rajshahi,26/1/2023,0
Barishal,26/1/2023,0
Sylet,26/1/2023,0
Mymensingh,26/1/2023,0
Dhaka,27/1/2023,2
Chottogram,27/1/2023,0
Khulna,27/1/2023,0
Rangpur,27/1/2023,0
Rajshahi,27/1/2023,0
Barishal,27/1/2023,0
Sylet,27/1/2023,0
Mymensingh,27/1/2023,0
Dhaka,28/1/2023,3
Chottogram,28/1/2023,1
Khulna,28/1/2023,0
Rangpur,28/1/2023,0
Rajshahi,28/1/2023,0
Barishal,28/1/2023,2
Sylet,28/1/2023,0
Mymensingh,28/1/2023,0
Dhaka,29/1/2023,8
Chottogram,29/1/2023,4
Khulna,29/1/2023,2
Rangpur,29/1/2023,0
Rajshahi,29/1/2023,0
Barishal,29/1/2023,0
Sylet,29/1/2023,0
Mymensingh,29/1/2023,0
Dhaka,30/1/2023,4
Chottogram,30/1/2023,0
Khulna,30/1/2023,0
Rangpur,30/1/2023,0
Rajshahi,30/1/2023,1
Barishal,30/1/2023,1
Sylet,30/1/2023,0
Mymensingh,30/1/2023,0
Dhaka,31/1/2023,7
Chottogram,31/1/2023,2
Khulna,31/1/2023,2
Rangpur,31/1/2023,0
Rajshahi,31/1/2023,1
Barishal,31/1/2023,3
Sylet,31/1/2023,0
Mymensingh,31/1/2023,0
Dhaka,1/2/2023,2
Chottogram,1/2/2023,0
Khulna,1/2/2023,0
Rangpur,1/2/2023,0
Rajshahi,1/2/2023,0
Barishal,1/2/2023,0
Sylet,1/2/2023,0
Mymensingh,1/2/2023,0
Dhaka,2/2/2023,4
Chottogram,2/2/2023,2
Khulna,2/2/2023,0
Rangpur,2/2/2023,0
Rajshahi,2/2/2023,0
Barishal,2/2/2023,0
Sylet,2/2/2023,0
Mymensingh,2/2/2023,0
Dhaka,3/2/2023,2
Chottogram,3/2/2023,0
Khulna,3/2/2023,0
Rangpur,3/2/2023,0
Rajshahi,3/2/2023,0
Barishal,3/2/2023,0
Sylet,3/2/2023,0
Mymensingh,3/2/2023,0
Dhaka,4/2/2023,7
Chottogram,4/2/2023,3
Khulna,4/2/2023,0
Rangpur,4/2/2023,0
Rajshahi,4/2/2023,0
Barishal,4/2/2023,0
Sylet,4/2/2023,0
Mymensingh,4/2/2023,0
Dhaka,5/2/2023,3
Chottogram,5/2/2023,2
Khulna,5/2/2023,0
Rangpur,5/2/2023,0
Rajshahi,5/2/2023,0
Barishal,5/2/2023,0
Sylet,5/2/2023,0
Mymensingh,5/2/2023,0
Dhaka,6/2/2023,7
Chottogram,6/2/2023,4
Khulna,6/2/2023,0
Rangpur,6/2/2023,0
Rajshahi,6/2/2023,0
Barishal,6/2/2023,0
Sylet,6/2/2023,0
Mymensingh,6/2/2023,0
Dhaka,7/2/2023,4
Chottogram,7/2/2023,2
Khulna,7/2/2023,0
Rangpur,7/2/2023,0
Rajshahi,7/2/2023,0
Barishal,7/2/2023,1
Sylet,7/2/2023,0
Mymensingh,7/2/2023,0
Dhaka,8/2/2023,5
Chottogram,8/2/2023,3
Khulna,8/2/2023,1
Rangpur,8/2/2023,0
Rajshahi,8/2/2023,0
Barishal,8/2/2023,0
Sylet,8/2/2023,0
Mymensingh,8/2/2023,0
Dhaka,9/2/2023,3
Chottogram,9/2/2023,0
Khulna,9/2/2023,0
Rangpur,9/2/2023,0
Rajshahi,9/2/2023,0
Barishal,9/2/2023,3
Sylet,9/2/2023,0
Mymensingh,9/2/2023,0
Dhaka,10/2/2023,30
Chottogram,10/2/2023,0
Khulna,10/2/2023,0
Rangpur,10/2/2023,0
Rajshahi,10/2/2023,0
Barishal,10/2/2023,0
Sylet,10/2/2023,0
Mymensingh,10/2/2023,0
Dhaka,11/2/2023,42
Chottogram,11/2/2023,1
Khulna,11/2/2023,0
Rangpur,11/2/2023,0
Rajshahi,11/2/2023,0
Barishal,11/2/2023,0
Sylet,11/2/2023,0
Mymensingh,11/2/2023,0
Dhaka,12/2/2023,6
Chottogram,12/2/2023,0
Khulna,12/2/2023,0
Rangpur,12/2/2023,0
Rajshahi,12/2/2023,0
Barishal,12/2/2023,8
Sylet,12/2/2023,0
Mymensingh,12/2/2023,0
Dhaka,13/2/2023,3
Chottogram,13/2/2023,2
Khulna,13/2/2023,0
Rangpur,13/2/2023,0
Rajshahi,13/2/2023,0
Barishal,13/2/2023,0
Sylet,13/2/2023,0
Mymensingh,13/2/2023,0
Dhaka,14/2/2023,6
Chottogram,14/2/2023,4
Khulna,14/2/2023,0
Rangpur,14/2/2023,0
Rajshahi,14/2/2023,0
Barishal,14/2/2023,0
Sylet,14/2/2023,0
Mymensingh,14/2/2023,0
Dhaka,15/2/2023,6
Chottogram,15/2/2023,2
Khulna,15/2/2023,0
Rangpur,15/2/2023,0
Rajshahi,15/2/2023,0
Barishal,15/2/2023,0
Sylet,15/2/2023,0
Mymensingh,15/2/2023,0
Dhaka,16/2/2023,0
Chottogram,16/2/2023,0
Khulna,16/2/2023,0
Rangpur,16/2/2023,0
Rajshahi,16/2/2023,0
Barishal,16/2/2023,0
Sylet,16/2/2023,0
Mymensingh,16/2/2023,0
Dhaka,17/2/2023,0
Chottogram,17/2/2023,0
Khulna,17/2/2023,0
Rangpur,17/2/2023,0
Rajshahi,17/2/2023,0
Barishal,17/2/2023,0
Sylet,17/2/2023,0
Mymensingh,17/2/2023,0
Dhaka,18/2/2023,0
Chottogram,18/2/2023,3
Khulna,18/2/2023,2
Rangpur,18/2/2023,0
Rajshahi,18/2/2023,0
Barishal,18/2/2023,0
Sylet,18/2/2023,0
Mymensingh,18/2/2023,0
Dhaka,19/2/2023,3
Chottogram,19/2/2023,0
Khulna,19/2/2023,0
Rangpur,19/2/2023,0
Rajshahi,19/2/2023,0
Barishal,19/2/2023,1
Sylet,19/2/2023,0
Mymensingh,19/2/2023,0
Dhaka,20/2/2023,2
Chottogram,20/2/2023,2
Khulna,20/2/2023,0
Rangpur,20/2/2023,0
Rajshahi,20/2/2023,0
Barishal,20/2/2023,0
Sylet,20/2/2023,0
Mymensingh,20/2/2023,0
Dhaka,21/2/2023,1
Chottogram,21/2/2023,0
Khulna,21/2/2023,0
Rangpur,21/2/2023,0
Rajshahi,21/2/2023,0
Barishal,21/2/2023,0
Sylet,21/2/2023,0
Mymensingh,21/2/2023,0
Dhaka,22/2/2023,4
Chottogram,22/2/2023,3
Khulna,22/2/2023,0
Rangpur,22/2/2023,0
Rajshahi,22/2/2023,0
Barishal,22/2/2023,1
Sylet,22/2/2023,0
Mymensingh,22/2/2023,0
Dhaka,23/2/2023,4
Chottogram,23/2/2023,0
Khulna,23/2/2023,0
Rangpur,23/2/2023,0
Rajshahi,23/2/2023,0
Barishal,23/2/2023,1
Sylet,23/2/2023,0
Mymensingh,23/2/2023,0
Dhaka,24/2/2023,0
Chottogram,24/2/2023,0
Khulna,24/2/2023,0
Rangpur,24/2/2023,0
Rajshahi,24/2/2023,0
Barishal,24/2/2023,2
Sylet,24/2/2023,0
Mymensingh,24/2/2023,0
Dhaka,25/2/2023,3
Chottogram,25/2/2023,0
Khulna,25/2/2023,1
Rangpur,25/2/2023,0
Rajshahi,25/2/2023,0
Barishal,25/2/2023,0
Sylet,25/2/2023,0
Mymensingh,25/2/2023,0
Dhaka,26/2/2023,3
Chottogram,26/2/2023,2
Khulna,26/2/2023,3
Rangpur,26/2/2023,0
Rajshahi,26/2/2023,0
Barishal,26/2/2023,0
Sylet,26/2/2023,0
Mymensingh,26/2/2023,0
Dhaka,27/2/2023,1
Chottogram,27/2/2023,1
Khulna,27/2/2023,0
Rangpur,27/2/2023,0
Rajshahi,27/2/2023,0
Barishal,27/2/2023,0
Sylet,27/2/2023,0
Mymensingh,27/2/2023,1
Dhaka,28/2/2023,0
Chottogram,28/2/2023,1
Khulna,28/2/2023,0
Rangpur,28/2/2023,0
Rajshahi,28/2/2023,0
Barishal,28/2/2023,1
Sylet,28/2/2023,0
Mymensingh,28/2/2023,0
Dhaka,1/3/2023,2
Chottogram,1/3/2023,1
Khulna,1/3/2023,0
Rangpur,1/3/2023,0
Rajshahi,1/3/2023,0
Barishal,1/3/2023,0
Sylet,1/3/2023,0
Mymensingh,1/3/2023,0
Dhaka,2/3/2023,6
Chottogram,2/3/2023,4
Khulna,2/3/2023,0
Rangpur,2/3/2023,0
Rajshahi,2/3/2023,0
Barishal,2/3/2023,6
Sylet,2/3/2023,0
Mymensingh,2/3/2023,0
Dhaka,3/3/2023,0
Chottogram,3/3/2023,0
Khulna,3/3/2023,0
Rangpur,3/3/2023,0
Rajshahi,3/3/2023,0
Barishal,3/3/2023,0
Sylet,3/3/2023,0
Mymensingh,3/3/2023,1
Dhaka,4/3/2023,1
Chottogram,4/3/2023,0
Khulna,4/3/2023,1
Rangpur,4/3/2023,0
Rajshahi,4/3/2023,0
Barishal,4/3/2023,0
Sylet,4/3/2023,0
Mymensingh,4/3/2023,0
Dhaka,5/3/2023,4
Chottogram,5/3/2023,0
Khulna,5/3/2023,0
Rangpur,5/3/2023,0
Rajshahi,5/3/2023,0
Barishal,5/3/2023,0
Sylet,5/3/2023,0
Mymensingh,5/3/2023,0
Dhaka,6/3/2023,5
Chottogram,6/3/2023,2
Khulna,6/3/2023,0
Rangpur,6/3/2023,0
Rajshahi,6/3/2023,0
Barishal,6/3/2023,1
Sylet,6/3/2023,0
Mymensingh,6/3/2023,0
Dhaka,7/3/2023,2
Chottogram,7/3/2023,0
Khulna,7/3/2023,0
Rangpur,7/3/2023,0
Rajshahi,7/3/2023,0
Barishal,7/3/2023,0
Sylet,7/3/2023,0
Mymensingh,7/3/2023,0
Dhaka,8/3/2023,1
Chottogram,8/3/2023,0
Khulna,8/3/2023,0
Rangpur,8/3/2023,0
Rajshahi,8/3/2023,0
Barishal,8/3/2023,0
Sylet,8/3/2023,0
Mymensingh,8/3/2023,0
Dhaka,9/3/2023,7
Chottogram,9/3/2023,0
Khulna,9/3/2023,0
Rangpur,9/3/2023,0
Rajshahi,9/3/2023,0
Barishal,9/3/2023,0
Sylet,9/3/2023,0
Mymensingh,9/3/2023,0
Dhaka,10/3/2023,0
Chottogram,10/3/2023,0
Khulna,10/3/2023,0
Rangpur,10/3/2023,0
Rajshahi,10/3/2023,0
Barishal,10/3/2023,1
Sylet,10/3/2023,0
Mymensingh,10/3/2023,0
Dhaka,11/3/2023,2
Chottogram,11/3/2023,0
Khulna,11/3/2023,0
Rangpur,11/3/2023,0
Rajshahi,11/3/2023,0
Barishal,11/3/2023,0
Sylet,11/3/2023,0
Mymensingh,11/3/2023,0
Dhaka,12/3/2023,2
Chottogram,12/3/2023,1
Khulna,12/3/2023,0
Rangpur,12/3/2023,0
Rajshahi,12/3/2023,0
Barishal,12/3/2023,0
Sylet,12/3/2023,0
Mymensingh,12/3/2023,0
Dhaka,13/3/2023,4
Chottogram,13/3/2023,0
Khulna,13/3/2023,0
Rangpur,13/3/2023,0
Rajshahi,13/3/2023,0
Barishal,13/3/2023,0
Sylet,13/3/2023,0
Mymensingh,13/3/2023,0
Dhaka,14/3/2023,2
Chottogram,14/3/2023,0
Khulna,14/3/2023,0
Rangpur,14/3/2023,0
Rajshahi,14/3/2023,0
Barishal,14/3/2023,0
Sylet,14/3/2023,0
Mymensingh,14/3/2023,0
Dhaka,15/3/2023,2
Chottogram,15/3/2023,1
Khulna,15/3/2023,0
Rangpur,15/3/2023,0
Rajshahi,15/3/2023,0
Barishal,15/3/2023,2
Sylet,15/3/2023,0
Mymensingh,15/3/2023,0
Dhaka,16/3/2023,3
Chottogram,16/3/2023,0
Khulna,16/3/2023,0
Rangpur,16/3/2023,0
Rajshahi,16/3/2023,0
Barishal,16/3/2023,0
Sylet,16/3/2023,0
Mymensingh,16/3/2023,0
Dhaka,17/3/2023,0
Chottogram,17/3/2023,0
Khulna,17/3/2023,0
Rangpur,17/3/2023,0
Rajshahi,17/3/2023,0
Barishal,17/3/2023,0
Sylet,17/3/2023,0
Mymensingh,17/3/2023,0
Dhaka,18/3/2023,4
Chottogram,18/3/2023,0
Khulna,18/3/2023,0
Rangpur,18/3/2023,0
Rajshahi,18/3/2023,0
Barishal,18/3/2023,0
Sylet,18/3/2023,0
Mymensingh,18/3/2023,0
Dhaka,19/3/2023,3
Chottogram,19/3/2023,1
Khulna,19/3/2023,0
Rangpur,19/3/2023,0
Rajshahi,19/3/2023,0
Barishal,19/3/2023,0
Sylet,19/3/2023,0
Mymensingh,19/3/2023,0
Dhaka,20/3/2023,1
Chottogram,20/3/2023,1
Khulna,20/3/2023,0
Rangpur,20/3/2023,0
Rajshahi,20/3/2023,0
Barishal,20/3/2023,0
Sylet,20/3/2023,0
Mymensingh,20/3/2023,0
Dhaka,21/3/2023,1
Chottogram,21/3/2023,1
Khulna,21/3/2023,0
Rangpur,21/3/2023,0
Rajshahi,21/3/2023,0
Barishal,21/3/2023,2
Sylet,21/3/2023,0
Mymensingh,21/3/2023,0
Dhaka,22/3/2023,4
Chottogram,22/3/2023,0
Khulna,22/3/2023,0
Rangpur,22/3/2023,0
Rajshahi,22/3/2023,0
Barishal,22/3/2023,1
Sylet,22/3/2023,0
Mymensingh,22/3/2023,0
Dhaka,23/3/2023,1
Chottogram,23/3/2023,0
Khulna,23/3/2023,0
Rangpur,23/3/2023,0
Rajshahi,23/3/2023,0
Barishal,23/3/2023,0
Sylet,23/3/2023,0
Mymensingh,23/3/2023,0
Dhaka,24/3/2023,0
Chottogram,24/3/2023,0
Khulna,24/3/2023,0
Rangpur,24/3/2023,0
Rajshahi,24/3/2023,0
Barishal,24/3/2023,0
Sylet,24/3/2023,0
Mymensingh,24/3/2023,0
Dhaka,25/3/2023,5
Chottogram,25/3/2023,1
Khulna,25/3/2023,0
Rangpur,25/3/2023,0
Rajshahi,25/3/2023,0
Barishal,25/3/2023,0
Sylet,25/3/2023,0
Mymensingh,25/3/2023,0
Dhaka,26/3/2023,0
Chottogram,26/3/2023,0
Khulna,26/3/2023,0
Rangpur,26/3/2023,0
Rajshahi,26/3/2023,0
Barishal,26/3/2023,0
Sylet,26/3/2023,0
Mymensingh,26/3/2023,0
Dhaka,27/3/2023,4
Chottogram,27/3/2023,0
Khulna,27/3/2023,0
Rangpur,27/3/2023,0
Rajshahi,27/3/2023,0
Barishal,27/3/2023,0
Sylet,27/3/2023,0
Mymensingh,27/3/2023,0
Dhaka,28/3/2023,5
Chottogram,28/3/2023,1
Khulna,28/3/2023,0
Rangpur,28/3/2023,0
Rajshahi,28/3/2023,0
Barishal,28/3/2023,0
Sylet,28/3/2023,0
Mymensingh,28/3/2023,0
Dhaka,29/3/2023,2
Chottogram,29/3/2023,0
Khulna,29/3/2023,0
Rangpur,29/3/2023,0
Rajshahi,29/3/2023,0
Barishal,29/3/2023,0
Sylet,29/3/2023,0
Mymensingh,29/3/2023,0
Dhaka,30/3/2023,3
Chottogram,30/3/2023,3
Khulna,30/3/2023,0
Rangpur,30/3/2023,0
Rajshahi,30/3/2023,0
Barishal,30/3/2023,0
Sylet,30/3/2023,0
Mymensingh,30/3/2023,0
Dhaka,31/3/2023,0
Chottogram,31/3/2023,0
Khulna,31/3/2023,0
Rangpur,31/3/2023,0
Rajshahi,31/3/2023,0
Barishal,31/3/2023,0
Sylet,31/3/2023,0
Mymensingh,31/3/2023,0
Dhaka,1/4/2023,4
Chottogram,1/4/2023,0
Khulna,1/4/2023,0
Rangpur,1/4/2023,0
Rajshahi,1/4/2023,0
Barishal,1/4/2023,0
Sylet,1/4/2023,0
Mymensingh,1/4/2023,0
Dhaka,2/4/2023,1
Chottogram,2/4/2023,1
Khulna,2/4/2023,0
Rangpur,2/4/2023,0
Rajshahi,2/4/2023,0
Barishal,2/4/2023,1
Sylet,2/4/2023,0
Mymensingh,2/4/2023,0
Dhaka,3/4/2023,0
Chottogram,3/4/2023,0
Khulna,3/4/2023,0
Rangpur,3/4/2023,0
Rajshahi,3/4/2023,0
Barishal,3/4/2023,2
Sylet,3/4/2023,0
Mymensingh,3/4/2023,0
Dhaka,4/4/2023,5
Chottogram,4/4/2023,0
Khulna,4/4/2023,0
Rangpur,4/4/2023,0
Rajshahi,4/4/2023,0
Barishal,4/4/2023,0
Sylet,4/4/2023,0
Mymensingh,4/4/2023,0
Dhaka,5/4/2023,5
Chottogram,5/4/2023,0
Khulna,5/4/2023,0
Rangpur,5/4/2023,0
Rajshahi,5/4/2023,0
Barishal,5/4/2023,0
Sylet,5/4/2023,0
Mymensingh,5/4/2023,0
Dhaka,6/4/2023,8
Chottogram,6/4/2023,1
Khulna,6/4/2023,2
Rangpur,6/4/2023,0
Rajshahi,6/4/2023,0
Barishal,6/4/2023,1
Sylet,6/4/2023,0
Mymensingh,6/4/2023,0
Dhaka,7/4/2023,0
Chottogram,7/4/2023,0
Khulna,7/4/2023,0
Rangpur,7/4/2023,0
Rajshahi,7/4/2023,0
Barishal,7/4/2023,0
Sylet,7/4/2023,0
Mymensingh,7/4/2023,0
Dhaka,8/4/2023,1
Chottogram,8/4/2023,0
Khulna,8/4/2023,0
Rangpur,8/4/2023,0
Rajshahi,8/4/2023,0
Barishal,8/4/2023,0
Sylet,8/4/2023,0
Mymensingh,8/4/2023,0
Dhaka,9/4/2023,4
Chottogram,9/4/2023,0
Khulna,9/4/2023,0
Rangpur,9/4/2023,0
Rajshahi,9/4/2023,0
Barishal,9/4/2023,0
Sylet,9/4/2023,0
Mymensingh,9/4/2023,0
Dhaka,10/4/2023,7
Chottogram,10/4/2023,1
Khulna,10/4/2023,1
Rangpur,10/4/2023,0
Rajshahi,10/4/2023,0
Barishal,10/4/2023,0
Sylet,10/4/2023,0
Mymensingh,10/4/2023,0
Dhaka,11/4/2023,5
Chottogram,11/4/2023,1
Khulna,11/4/2023,0
Rangpur,11/4/2023,0
Rajshahi,11/4/2023,0
Barishal,11/4/2023,0
Sylet,11/4/2023,0
Mymensingh,11/4/2023,0
Dhaka,12/4/2023,2
Chottogram,12/4/2023,2
Khulna,12/4/2023,0
Rangpur,12/4/2023,0
Rajshahi,12/4/2023,0
Barishal,12/4/2023,0
Sylet,12/4/2023,0
Mymensingh,12/4/2023,0
Dhaka,13/4/2023,3
Chottogram,13/4/2023,0
Khulna,13/4/2023,0
Rangpur,13/4/2023,0
Rajshahi,13/4/2023,0
Barishal,13/4/2023,0
Sylet,13/4/2023,0
Mymensingh,13/4/2023,0
Dhaka,14/4/2023,0
Chottogram,14/4/2023,0
Khulna,14/4/2023,0
Rangpur,14/4/2023,0
Rajshahi,14/4/2023,0
Barishal,14/4/2023,0
Sylet,14/4/2023,0
Mymensingh,14/4/2023,0
Dhaka,15/4/2023,0
Chottogram,15/4/2023,0
Khulna,15/4/2023,0
Rangpur,15/4/2023,0
Rajshahi,15/4/2023,0
Barishal,15/4/2023,0
Sylet,15/4/2023,0
Mymensingh,15/4/2023,0
Dhaka,16/4/2023,4
Chottogram,16/4/2023,1
Khulna,16/4/2023,0
Rangpur,16/4/2023,0
Rajshahi,16/4/2023,0
Barishal,16/4/2023,2
Sylet,16/4/2023,0
Mymensingh,16/4/2023,0
Dhaka,17/4/2023,2
Chottogram,17/4/2023,1
Khulna,17/4/2023,0
Rangpur,17/4/2023,0
Rajshahi,17/4/2023,0
Barishal,17/4/2023,0
Sylet,17/4/2023,0
Mymensingh,17/4/2023,1
Dhaka,18/4/2023,1
Chottogram,18/4/2023,6
Khulna,18/4/2023,0
Rangpur,18/4/2023,0
Rajshahi,18/4/2023,0
Barishal,18/4/2023,0
Sylet,18/4/2023,0
Mymensingh,18/4/2023,0
Dhaka,19/4/2023,0
Chottogram,19/4/2023,0
Khulna,19/4/2023,0
Rangpur,19/4/2023,0
Rajshahi,19/4/2023,0
Barishal,19/4/2023,0
Sylet,19/4/2023,0
Mymensingh,19/4/2023,0
Dhaka,20/4/2023,1
Chottogram,20/4/2023,0
Khulna,20/4/2023,0
Rangpur,20/4/2023,0
Rajshahi,20/4/2023,0
Barishal,20/4/2023,0
Sylet,20/4/2023,0
Mymensingh,20/4/2023,0
Dhaka,21/4/2023,0
Chottogram,21/4/2023,0
Khulna,21/4/2023,0
Rangpur,21/4/2023,0
Rajshahi,21/4/2023,0
Barishal,21/4/2023,0
Sylet,21/4/2023,0
Mymensingh,21/4/2023,0
Dhaka,22/4/2023,0
Chottogram,22/4/2023,0
Khulna,22/4/2023,0
Rangpur,22/4/2023,0
Rajshahi,22/4/2023,0
Barishal,22/4/2023,0
Sylet,22/4/2023,0
Mymensingh,22/4/2023,0
Dhaka,23/4/2023,0
Chottogram,23/4/2023,0
Khulna,23/4/2023,0
Rangpur,23/4/2023,0
Rajshahi,23/4/2023,0
Barishal,23/4/2023,0
Sylet,23/4/2023,0
Mymensingh,23/4/2023,0
Dhaka,24/4/2023,6
Chottogram,24/4/2023,3
Khulna,24/4/2023,0
Rangpur,24/4/2023,0
Rajshahi,24/4/2023,0
Barishal,24/4/2023,0
Sylet,24/4/2023,0
Mymensingh,24/4/2023,0
Dhaka,25/4/2023,5
Chottogram,25/4/2023,2
Khulna,25/4/2023,0
Rangpur,25/4/2023,0
Rajshahi,25/4/2023,0
Barishal,25/4/2023,3
Sylet,25/4/2023,0
Mymensingh,25/4/2023,0
Dhaka,26/4/2023,5
Chottogram,26/4/2023,1
Khulna,26/4/2023,0
Rangpur,26/4/2023,0
Rajshahi,26/4/2023,0
Barishal,26/4/2023,2
Sylet,26/4/2023,0
Mymensingh,26/4/2023,0
Dhaka,27/4/2023,11
Chottogram,27/4/2023,2
Khulna,27/4/2023,0
Rangpur,27/4/2023,0
Rajshahi,27/4/2023,0
Barishal,27/4/2023,0
Sylet,27/4/2023,0
Mymensingh,27/4/2023,0
Dhaka,28/4/2023,0
Chottogram,28/4/2023,0
Khulna,28/4/2023,0
Rangpur,28/4/2023,0
Rajshahi,28/4/2023,0
Barishal,28/4/2023,0
Sylet,28/4/2023,0
Mymensingh,28/4/2023,0
Dhaka,29/4/2023,10
Chottogram,29/4/2023,5
Khulna,29/4/2023,0
Rangpur,29/4/2023,0
Rajshahi,29/4/2023,0
Barishal,29/4/2023,0
Sylet,29/4/2023,0
Mymensingh,29/4/2023,0
Dhaka,30/4/2023,4
Chottogram,30/4/2023,5
Khulna,30/4/2023,0
Rangpur,30/4/2023,0
Rajshahi,30/4/2023,0
Barishal,30/4/2023,2
Sylet,30/4/2023,0
Mymensingh,30/4/2023,0
Dhaka,1/5/2023,21
Chottogram,1/5/2023,0
Khulna,1/5/2023,0
Rangpur,1/5/2023,0
Rajshahi,1/5/2023,0
Barishal,1/5/2023,0
Sylet,1/5/2023,3
Mymensingh,1/5/2023,0
Dhaka,2/5/2023,20
Chottogram,2/5/2023,3
Khulna,2/5/2023,0
Rangpur,2/5/2023,0
Rajshahi,2/5/2023,0
Barishal,2/5/2023,2
Sylet,2/5/2023,1
Mymensingh,2/5/2023,1
Dhaka,3/5/2023,9
Chottogram,3/5/2023,3
Khulna,3/5/2023,0
Rangpur,3/5/2023,0
Rajshahi,3/5/2023,0
Barishal,3/5/2023,2
Sylet,3/5/2023,0
Mymensingh,3/5/2023,1
Dhaka,4/5/2023,8
Chottogram,4/5/2023,0
Khulna,4/5/2023,0
Rangpur,4/5/2023,0
Rajshahi,4/5/2023,0
Barishal,4/5/2023,0
Sylet,4/5/2023,0
Mymensingh,4/5/2023,1
Dhaka,5/5/2023,4
Chottogram,5/5/2023,0
Khulna,5/5/2023,0
Rangpur,5/5/2023,0
Rajshahi,5/5/2023,0
Barishal,5/5/2023,0
Sylet,5/5/2023,0
Mymensingh,5/5/2023,0
Dhaka,6/5/2023,13
Chottogram,6/5/2023,1
Khulna,6/5/2023,0
Rangpur,6/5/2023,0
Rajshahi,6/5/2023,0
Barishal,6/5/2023,0
Sylet,6/5/2023,0
Mymensingh,6/5/2023,0
Dhaka,7/5/2023,8
Chottogram,7/5/2023,1
Khulna,7/5/2023,0
Rangpur,7/5/2023,0
Rajshahi,7/5/2023,0
Barishal,7/5/2023,0
Sylet,7/5/2023,0
Mymensingh,7/5/2023,0
Dhaka,8/5/2023,0
Chottogram,8/5/2023,30
Khulna,8/5/2023,2
Rangpur,8/5/2023,0
Rajshahi,8/5/2023,0
Barishal,8/5/2023,2
Sylet,8/5/2023,0
Mymensingh,8/5/2023,0
Dhaka,9/5/2023,15
Chottogram,9/5/2023,2
Khulna,9/5/2023,0
Rangpur,9/5/2023,0
Rajshahi,9/5/2023,0
Barishal,9/5/2023,3
Sylet,9/5/2023,0
Mymensingh,9/5/2023,1
Dhaka,10/5/2023,24
Chottogram,10/5/2023,1
Khulna,10/5/2023,1
Rangpur,10/5/2023,0
Rajshahi,10/5/2023,0
Barishal,10/5/2023,2
Sylet,10/5/2023,0
Mymensingh,10/5/2023,1
Dhaka,11/5/2023,14
Chottogram,11/5/2023,2
Khulna,11/5/2023,1
Rangpur,11/5/2023,0
Rajshahi,11/5/2023,0
Barishal,11/5/2023,2
Sylet,11/5/2023,0
Mymensingh,11/5/2023,0
Dhaka,12/5/2023,5
Chottogram,12/5/2023,0
Khulna,12/5/2023,0
Rangpur,12/5/2023,0
Rajshahi,12/5/2023,0
Barishal,12/5/2023,0
Sylet,12/5/2023,0
Mymensingh,12/5/2023,0
Dhaka,13/5/2023,23
Chottogram,13/5/2023,6
Khulna,13/5/2023,0
Rangpur,13/5/2023,0
Rajshahi,13/5/2023,0
Barishal,13/5/2023,0
Sylet,13/5/2023,0
Mymensingh,13/5/2023,0
Dhaka,14/5/2023,14
Chottogram,14/5/2023,3
Khulna,14/5/2023,0
Rangpur,14/5/2023,0
Rajshahi,14/5/2023,0
Barishal,14/5/2023,0
Sylet,14/5/2023,0
Mymensingh,14/5/2023,0
Dhaka,15/5/2023,16
Chottogram,15/5/2023,2
Khulna,15/5/2023,0
Rangpur,15/5/2023,0
Rajshahi,15/5/2023,0
Barishal,15/5/2023,0
Sylet,15/5/2023,0
Mymensingh,15/5/2023,0
Dhaka,16/5/2023,26
Chottogram,16/5/2023,1
Khulna,16/5/2023,1
Rangpur,16/5/2023,0
Rajshahi,16/5/2023,0
Barishal,16/5/2023,3
Sylet,16/5/2023,0
Mymensingh,16/5/2023,0
Dhaka,17/5/2023,35
Chottogram,17/5/2023,2
Khulna,17/5/2023,1
Rangpur,17/5/2023,0
Rajshahi,17/5/2023,0
Barishal,17/5/2023,0
Sylet,17/5/2023,0
Mymensingh,17/5/2023,0
Dhaka,18/5/2023,25
Chottogram,18/5/2023,1
Khulna,18/5/2023,1
Rangpur,18/5/2023,0
Rajshahi,18/5/2023,0
Barishal,18/5/2023,1
Sylet,18/5/2023,0
Mymensingh,18/5/2023,0
Dhaka,19/5/2023,3
Chottogram,19/5/2023,0
Khulna,19/5/2023,0
Rangpur,19/5/2023,0
Rajshahi,19/5/2023,0
Barishal,19/5/2023,0
Sylet,19/5/2023,0
Mymensingh,19/5/2023,0
Dhaka,20/5/2023,51
Chottogram,20/5/2023,0
Khulna,20/5/2023,0
Rangpur,20/5/2023,0
Rajshahi,20/5/2023,0
Barishal,20/5/2023,0
Sylet,20/5/2023,0
Mymensingh,20/5/2023,0
Dhaka,21/5/2023,17
Chottogram,21/5/2023,1
Khulna,21/5/2023,1
Rangpur,21/5/2023,0
Rajshahi,21/5/2023,0
Barishal,21/5/2023,2
Sylet,21/5/2023,0
Mymensingh,21/5/2023,0
Dhaka,22/5/2023,36
Chottogram,22/5/2023,2
Khulna,22/5/2023,0
Rangpur,22/5/2023,0
Rajshahi,22/5/2023,0
Barishal,22/5/2023,1
Sylet,22/5/2023,0
Mymensingh,22/5/2023,1
Dhaka,23/5/2023,41
Chottogram,23/5/2023,3
Khulna,23/5/2023,0
Rangpur,23/5/2023,0
Rajshahi,23/5/2023,0
Barishal,23/5/2023,1
Sylet,23/5/2023,0
Mymensingh,23/5/2023,1
Dhaka,24/5/2023,30
Chottogram,24/5/2023,2
Khulna,24/5/2023,1
Rangpur,24/5/2023,0
Rajshahi,24/5/2023,0
Barishal,24/5/2023,2
Sylet,24/5/2023,0
Mymensingh,24/5/2023,0
Dhaka,25/5/2023,42
Chottogram,25/5/2023,8
Khulna,25/5/2023,0
Rangpur,25/5/2023,0
Rajshahi,25/5/2023,0
Barishal,25/5/2023,0
Sylet,25/5/2023,0
Mymensingh,25/5/2023,2
Dhaka,26/5/2023,4
Chottogram,26/5/2023,0
Khulna,26/5/2023,0
Rangpur,26/5/2023,0
Rajshahi,26/5/2023,0
Barishal,26/5/2023,0
Sylet,26/5/2023,0
Mymensingh,26/5/2023,0
Dhaka,27/5/2023,73
Chottogram,27/5/2023,6
Khulna,27/5/2023,0
Rangpur,27/5/2023,0
Rajshahi,27/5/2023,0
Barishal,27/5/2023,1
Sylet,27/5/2023,0
Mymensingh,27/5/2023,0
Dhaka,28/5/2023,61
Chottogram,28/5/2023,4
Khulna,28/5/2023,1
Rangpur,28/5/2023,0
Rajshahi,28/5/2023,0
Barishal,28/5/2023,1
Sylet,28/5/2023,0
Mymensingh,28/5/2023,0
Dhaka,29/5/2023,63
Chottogram,29/5/2023,7
Khulna,29/5/2023,0
Rangpur,29/5/2023,0
Rajshahi,29/5/2023,1
Barishal,29/5/2023,0
Sylet,29/5/2023,1
Mymensingh,29/5/2023,0
Dhaka,30/5/2023,67
Chottogram,30/5/2023,10
Khulna,30/5/2023,0
Rangpur,30/5/2023,0
Rajshahi,30/5/2023,0
Barishal,30/5/2023,6
Sylet,30/5/2023,0
Mymensingh,30/5/2023,1
Dhaka,31/5/2023,83
Chottogram,31/5/2023,9
Khulna,31/5/2023,0
Rangpur,31/5/2023,0
Rajshahi,31/5/2023,0
Barishal,31/5/2023,3
Sylet,31/5/2023,0
Mymensingh,31/5/2023,0
Dhaka,1/6/2023,101
Chottogram,1/6/2023,8
Khulna,1/6/2023,1
Rangpur,1/6/2023,0
Rajshahi,1/6/2023,0
Barishal,1/6/2023,2
Sylet,1/6/2023,0
Mymensingh,1/6/2023,0
Dhaka,2/6/2023,2
Chottogram,2/6/2023,0
Khulna,2/6/2023,0
Rangpur,2/6/2023,0
Rajshahi,2/6/2023,0
Barishal,2/6/2023,1
Sylet,2/6/2023,0
Mymensingh,2/6/2023,1
Dhaka,3/6/2023,128
Chottogram,3/6/2023,8
Khulna,3/6/2023,0
Rangpur,3/6/2023,0
Rajshahi,3/6/2023,0
Barishal,3/6/2023,5
Sylet,3/6/2023,0
Mymensingh,3/6/2023,0
Dhaka,4/6/2023,87
Chottogram,4/6/2023,3
Khulna,4/6/2023,3
Rangpur,4/6/2023,0
Rajshahi,4/6/2023,0
Barishal,4/6/2023,3
Sylet,4/6/2023,0
Mymensingh,4/6/2023,1
Dhaka,5/6/2023,87
Chottogram,5/6/2023,7
Khulna,5/6/2023,3
Rangpur,5/6/2023,0
Rajshahi,5/6/2023,1
Barishal,5/6/2023,2
Sylet,5/6/2023,0
Mymensingh,5/6/2023,1
Dhaka,6/6/2023,89
Chottogram,6/6/2023,3
Khulna,6/6/2023,0
Rangpur,6/6/2023,0
Rajshahi,6/6/2023,0
Barishal,6/6/2023,4
Sylet,6/6/2023,0
Mymensingh,6/6/2023,0
Dhaka,7/6/2023,128
Chottogram,7/6/2023,12
Khulna,7/6/2023,2
Rangpur,7/6/2023,0
Rajshahi,7/6/2023,0
Barishal,7/6/2023,5
Sylet,7/6/2023,0
Mymensingh,7/6/2023,0
Dhaka,8/6/2023,123
Chottogram,8/6/2023,6
Khulna,8/6/2023,1
Rangpur,8/6/2023,0
Rajshahi,8/6/2023,0
Barishal,8/6/2023,4
Sylet,8/6/2023,0
Mymensingh,8/6/2023,0
Dhaka,9/6/2023,9
Chottogram,9/6/2023,0
Khulna,9/6/2023,1
Rangpur,9/6/2023,0
Rajshahi,9/6/2023,0
Barishal,9/6/2023,0
Sylet,9/6/2023,0
Mymensingh,9/6/2023,1
Dhaka,10/6/2023,150
Chottogram,10/6/2023,2
Khulna,10/6/2023,1
Rangpur,10/6/2023,0
Rajshahi,10/6/2023,0
Barishal,10/6/2023,1
Sylet,10/6/2023,0
Mymensingh,10/6/2023,0
Dhaka,11/6/2023,150
Chottogram,11/6/2023,19
Khulna,11/6/2023,1
Rangpur,11/6/2023,3
Rajshahi,11/6/2023,2
Barishal,11/6/2023,12
Sylet,11/6/2023,0
Mymensingh,11/6/2023,2
Dhaka,12/6/2023,152
Chottogram,12/6/2023,10
Khulna,12/6/2023,0
Rangpur,12/6/2023,2
Rajshahi,12/6/2023,1
Barishal,12/6/2023,4
Sylet,12/6/2023,0
Mymensingh,12/6/2023,1
Dhaka,13/6/2023,176
Chottogram,13/6/2023,14
Khulna,13/6/2023,5
Rangpur,13/6/2023,0
Rajshahi,13/6/2023,1
Barishal,13/6/2023,13
Sylet,13/6/2023,0
Mymensingh,13/6/2023,2
Dhaka,14/6/2023,184
Chottogram,14/6/2023,7
Khulna,14/6/2023,0
Rangpur,14/6/2023,0
Rajshahi,14/6/2023,1
Barishal,14/6/2023,8
Sylet,14/6/2023,0
Mymensingh,14/6/2023,1
Dhaka,15/6/2023,141
Chottogram,15/6/2023,23
Khulna,15/6/2023,1
Rangpur,15/6/2023,0
Rajshahi,15/6/2023,1
Barishal,15/6/2023,14
Sylet,15/6/2023,0
Mymensingh,15/6/2023,3
Dhaka,16/6/2023,31
Chottogram,16/6/2023,2
Khulna,16/6/2023,0
Rangpur,16/6/2023,0
Rajshahi,16/6/2023,1
Barishal,16/6/2023,0
Sylet,16/6/2023,0
Mymensingh,16/6/2023,5
Dhaka,17/6/2023,413
Chottogram,17/6/2023,31
Khulna,17/6/2023,6
Rangpur,17/6/2023,0
Rajshahi,17/6/2023,0
Barishal,17/6/2023,24
Sylet,17/6/2023,0
Mymensingh,17/6/2023,3
Dhaka,18/6/2023,257
Chottogram,18/6/2023,20
Khulna,18/6/2023,3
Rangpur,18/6/2023,0
Rajshahi,18/6/2023,0
Barishal,18/6/2023,14
Sylet,18/6/2023,0
Mymensingh,18/6/2023,9
Dhaka,19/6/2023,172
Chottogram,19/6/2023,19
Khulna,19/6/2023,10
Rangpur,19/6/2023,2
Rajshahi,19/6/2023,0
Barishal,19/6/2023,11
Sylet,19/6/2023,1
Mymensingh,19/6/2023,7
Dhaka,20/6/2023,279
Chottogram,20/6/2023,28
Khulna,20/6/2023,0
Rangpur,20/6/2023,0
Rajshahi,20/6/2023,1
Barishal,20/6/2023,21
Sylet,20/6/2023,2
Mymensingh,20/6/2023,3
Dhaka,21/6/2023,295
Chottogram,21/6/2023,21
Khulna,21/6/2023,0
Rangpur,21/6/2023,9
Rajshahi,21/6/2023,2
Barishal,21/6/2023,20
Sylet,21/6/2023,2
Mymensingh,21/6/2023,0
Dhaka,22/6/2023,286
Chottogram,22/6/2023,56
Khulna,22/6/2023,3
Rangpur,22/6/2023,3
Rajshahi,22/6/2023,0
Barishal,22/6/2023,13
Sylet,22/6/2023,5
Mymensingh,22/6/2023,3
Dhaka,23/6/2023,42
Chottogram,23/6/2023,0
Khulna,23/6/2023,2
Rangpur,23/6/2023,0
Rajshahi,23/6/2023,1
Barishal,23/6/2023,0
Sylet,23/6/2023,1
Mymensingh,23/6/2023,0
Dhaka,24/6/2023,432
Chottogram,24/6/2023,19
Khulna,24/6/2023,5
Rangpur,24/6/2023,0
Rajshahi,24/6/2023,0
Barishal,24/6/2023,26
Sylet,24/6/2023,11
Mymensingh,24/6/2023,7
Dhaka,25/6/2023,305
Chottogram,25/6/2023,46
Khulna,25/6/2023,16
Rangpur,25/6/2023,5
Rajshahi,25/6/2023,6
Barishal,25/6/2023,18
Sylet,25/6/2023,3
Mymensingh,25/6/2023,9
Dhaka,26/6/2023,249
Chottogram,26/6/2023,50
Khulna,26/6/2023,14
Rangpur,26/6/2023,8
Rajshahi,26/6/2023,7
Barishal,26/6/2023,28
Sylet,26/6/2023,3
Mymensingh,26/6/2023,12
Dhaka,27/6/2023,112
Chottogram,27/6/2023,15
Khulna,27/6/2023,2
Rangpur,27/6/2023,8
Rajshahi,27/6/2023,0
Barishal,27/6/2023,2
Sylet,27/6/2023,6
Mymensingh,27/6/2023,0
Dhaka,28/6/2023,64
Chottogram,28/6/2023,16
Khulna,28/6/2023,11
Rangpur,28/6/2023,2
Rajshahi,28/6/2023,1
Barishal,28/6/2023,12
Sylet,28/6/2023,0
Mymensingh,28/6/2023,2
Dhaka,29/6/2023,24
Chottogram,29/6/2023,9
Khulna,29/6/2023,5
Rangpur,29/6/2023,0
Rajshahi,29/6/2023,2
Barishal,29/6/2023,2
Sylet,29/6/2023,1
Mymensingh,29/6/2023,1
Dhaka,30/6/2023,41
Chottogram,30/6/2023,16
Khulna,30/6/2023,11
Rangpur,30/6/2023,0
Rajshahi,30/6/2023,0
Barishal,30/6/2023,3
Sylet,30/6/2023,0
Mymensingh,30/6/2023,1
Dhaka,1/7/2023,183
Chottogram,1/7/2023,20
Khulna,1/7/2023,13
Rangpur,1/7/2023,0
Rajshahi,1/7/2023,0
Barishal,1/7/2023,42
Sylet,1/7/2023,0
Mymensingh,1/7/2023,12
Dhaka,2/7/2023,260
Chottogram,2/7/2023,127
Khulna,2/7/2023,13
Rangpur,2/7/2023,2
Rajshahi,2/7/2023,4
Barishal,2/7/2023,89
Sylet,2/7/2023,3
Mymensingh,2/7/2023,11
Dhaka,3/7/2023,238
Chottogram,3/7/2023,101
Khulna,3/7/2023,19
Rangpur,3/7/2023,10
Rajshahi,3/7/2023,1
Barishal,3/7/2023,50
Sylet,3/7/2023,7
Mymensingh,3/7/2023,10
Dhaka,4/7/2023,192
Chottogram,4/7/2023,91
Khulna,4/7/2023,20
Rangpur,4/7/2023,1
Rajshahi,4/7/2023,6
Barishal,4/7/2023,62
Sylet,4/7/2023,1
Mymensingh,4/7/2023,6
Dhaka,5/7/2023,412
Chottogram,5/7/2023,84
Khulna,5/7/2023,10
Rangpur,5/7/2023,11
Rajshahi,5/7/2023,6
Barishal,5/7/2023,46
Sylet,5/7/2023,2
Mymensingh,5/7/2023,13
Dhaka,6/7/2023,458
Chottogram,6/7/2023,92
Khulna,6/7/2023,23
Rangpur,6/7/2023,4
Rajshahi,6/7/2023,6
Barishal,6/7/2023,70
Sylet,6/7/2023,1
Mymensingh,6/7/2023,7
Dhaka,7/7/2023,104
Chottogram,7/7/2023,35
Khulna,7/7/2023,17
Rangpur,7/7/2023,3
Rajshahi,7/7/2023,4
Barishal,7/7/2023,6
Sylet,7/7/2023,4
Mymensingh,7/7/2023,9
Dhaka,8/7/2023,639
Chottogram,8/7/2023,41
Khulna,8/7/2023,17
Rangpur,8/7/2023,1
Rajshahi,8/7/2023,3
Barishal,8/7/2023,110
Sylet,8/7/2023,2
Mymensingh,8/7/2023,7
Dhaka,9/7/2023,548
Chottogram,9/7/2023,117
Khulna,9/7/2023,33
Rangpur,9/7/2023,10
Rajshahi,9/7/2023,9
Barishal,9/7/2023,98
Sylet,9/7/2023,10
Mymensingh,9/7/2023,11
Dhaka,10/7/2023,626
Chottogram,10/7/2023,147
Khulna,10/7/2023,22
Rangpur,10/7/2023,15
Rajshahi,10/7/2023,3
Barishal,10/7/2023,56
Sylet,10/7/2023,3
Mymensingh,10/7/2023,17
Dhaka,11/7/2023,745
Chottogram,11/7/2023,123
Khulna,11/7/2023,37
Rangpur,11/7/2023,21
Rajshahi,11/7/2023,11
Barishal,11/7/2023,93
Sylet,11/7/2023,5
Mymensingh,11/7/2023,15
Dhaka,12/7/2023,823
Chottogram,12/7/2023,185
Khulna,12/7/2023,18
Rangpur,12/7/2023,20
Rajshahi,12/7/2023,14
Barishal,12/7/2023,172
Sylet,12/7/2023,8
Mymensingh,12/7/2023,16
Dhaka,13/7/2023,680
Chottogram,13/7/2023,148
Khulna,13/7/2023,32
Rangpur,13/7/2023,14
Rajshahi,13/7/2023,23
Barishal,13/7/2023,111
Sylet,13/7/2023,12
Mymensingh,13/7/2023,19
Dhaka,14/7/2023,256
Chottogram,14/7/2023,40
Khulna,14/7/2023,18
Rangpur,14/7/2023,19
Rajshahi,14/7/2023,15
Barishal,14/7/2023,43
Sylet,14/7/2023,9
Mymensingh,14/7/2023,24
Dhaka,15/7/2023,1253
Chottogram,15/7/2023,144
Khulna,15/7/2023,43
Rangpur,15/7/2023,15
Rajshahi,15/7/2023,18
Barishal,15/7/2023,123
Sylet,15/7/2023,8
Mymensingh,15/7/2023,19
Dhaka,16/7/2023,935
Chottogram,16/7/2023,187
Khulna,16/7/2023,53
Rangpur,16/7/2023,21
Rajshahi,16/7/2023,29
Barishal,16/7/2023,153
Sylet,16/7/2023,10
Mymensingh,16/7/2023,46
Dhaka,17/7/2023,985
Chottogram,17/7/2023,260
Khulna,17/7/2023,62
Rangpur,17/7/2023,24
Rajshahi,17/7/2023,33
Barishal,17/7/2023,165
Sylet,17/7/2023,28
Mymensingh,17/7/2023,32
Dhaka,18/7/2023,991
Chottogram,18/7/2023,229
Khulna,18/7/2023,78
Rangpur,18/7/2023,15
Rajshahi,18/7/2023,29
Barishal,18/7/2023,170
Sylet,18/7/2023,20
Mymensingh,18/7/2023,41
Dhaka,19/7/2023,1139
Chottogram,19/7/2023,266
Khulna,19/7/2023,79
Rangpur,19/7/2023,20
Rajshahi,19/7/2023,43
Barishal,19/7/2023,185
Sylet,19/7/2023,16
Mymensingh,19/7/2023,44
Dhaka,20/7/2023,1091
Chottogram,20/7/2023,230
Khulna,20/7/2023,68
Rangpur,20/7/2023,18
Rajshahi,20/7/2023,40
Barishal,20/7/2023,240
Sylet,20/7/2023,16
Mymensingh,20/7/2023,52
Dhaka,21/7/2023,586
Chottogram,21/7/2023,31
Khulna,21/7/2023,41
Rangpur,21/7/2023,13
Rajshahi,21/7/2023,21
Barishal,21/7/2023,87
Sylet,21/7/2023,8
Mymensingh,21/7/2023,52
Dhaka,22/7/2023,1461
Chottogram,22/7/2023,269
Khulna,22/7/2023,91
Rangpur,22/7/2023,49
Rajshahi,22/7/2023,28
Barishal,22/7/2023,278
Sylet,22/7/2023,19
Mymensingh,22/7/2023,47
Dhaka,23/7/2023,1385
Chottogram,23/7/2023,331
Khulna,23/7/2023,102
Rangpur,23/7/2023,47
Rajshahi,23/7/2023,68
Barishal,23/7/2023,285
Sylet,23/7/2023,12
Mymensingh,23/7/2023,44
Dhaka,24/7/2023,1419
Chottogram,24/7/2023,298
Khulna,24/7/2023,87
Rangpur,24/7/2023,60
Rajshahi,24/7/2023,64
Barishal,24/7/2023,273
Sylet,24/7/2023,23
Mymensingh,24/7/2023,69
Dhaka,25/7/2023,1495
Chottogram,25/7/2023,335
Khulna,25/7/2023,92
Rangpur,25/7/2023,55
Rajshahi,25/7/2023,77
Barishal,25/7/2023,293
Sylet,25/7/2023,23
Mymensingh,25/7/2023,48
Dhaka,26/7/2023,1646
Chottogram,26/7/2023,336
Khulna,26/7/2023,103
Rangpur,26/7/2023,79
Rajshahi,26/7/2023,84
Barishal,26/7/2023,284
Sylet,26/7/2023,28
Mymensingh,26/7/2023,93
Dhaka,27/7/2023,1388
Chottogram,27/7/2023,280
Khulna,27/7/2023,114
Rangpur,27/7/2023,64
Rajshahi,27/7/2023,105
Barishal,27/7/2023,289
Sylet,27/7/2023,25
Mymensingh,27/7/2023,93
Dhaka,28/7/2023,1052
Chottogram,28/7/2023,61
Khulna,28/7/2023,62
Rangpur,28/7/2023,18
Rajshahi,28/7/2023,36
Barishal,28/7/2023,180
Sylet,28/7/2023,21
Mymensingh,28/7/2023,73
Dhaka,29/7/2023,1352
Chottogram,29/7/2023,390
Khulna,29/7/2023,87
Rangpur,29/7/2023,33
Rajshahi,29/7/2023,46
Barishal,29/7/2023,191
Sylet,29/7/2023,10
Mymensingh,29/7/2023,93
Dhaka,30/7/2023,1569
Chottogram,30/7/2023,415
Khulna,30/7/2023,145
Rangpur,30/7/2023,80
Rajshahi,30/7/2023,97
Barishal,30/7/2023,339
Sylet,30/7/2023,24
Mymensingh,30/7/2023,62
Dhaka,31/7/2023,1615
Chottogram,31/7/2023,362
Khulna,31/7/2023,140
Rangpur,31/7/2023,70
Rajshahi,31/7/2023,100
Barishal,31/7/2023,294
Sylet,31/7/2023,25
Mymensingh,31/7/2023,88
Dhaka,1/8/2023,1560
Chottogram,1/8/2023,375
Khulna,1/8/2023,119
Rangpur,1/8/2023,74
Rajshahi,1/8/2023,107
Barishal,1/8/2023,256
Sylet,1/8/2023,14
Mymensingh,1/8/2023,79
Dhaka,2/8/2023,1605
Chottogram,2/8/2023,420
Khulna,2/8/2023,116
Rangpur,2/8/2023,75
Rajshahi,2/8/2023,100
Barishal,2/8/2023,314
Sylet,2/8/2023,12
Mymensingh,2/8/2023,69
Dhaka,3/8/2023,1550
Chottogram,3/8/2023,338
Khulna,3/8/2023,119
Rangpur,3/8/2023,68
Rajshahi,3/8/2023,97
Barishal,3/8/2023,296
Sylet,3/8/2023,26
Mymensingh,3/8/2023,95
Dhaka,4/8/2023,1055
Chottogram,4/8/2023,227
Khulna,4/8/2023,73
Rangpur,4/8/2023,33
Rajshahi,4/8/2023,55
Barishal,4/8/2023,221
Sylet,4/8/2023,15
Mymensingh,4/8/2023,78
Dhaka,5/8/2023,1359
Chottogram,5/8/2023,472
Khulna,5/8/2023,134
Rangpur,5/8/2023,68
Rajshahi,5/8/2023,84
Barishal,5/8/2023,273
Sylet,5/8/2023,25
Mymensingh,5/8/2023,80
Dhaka,6/8/2023,1623
Chottogram,6/8/2023,378
Khulna,6/8/2023,119
Rangpur,6/8/2023,87
Rajshahi,6/8/2023,110
Barishal,6/8/2023,348
Sylet,6/8/2023,26
Mymensingh,6/8/2023,73
Dhaka,7/8/2023,1620
Chottogram,7/8/2023,346
Khulna,7/8/2023,175
Rangpur,7/8/2023,88
Rajshahi,7/8/2023,124
Barishal,7/8/2023,275
Sylet,7/8/2023,18
Mymensingh,7/8/2023,105
Dhaka,8/8/2023,1607
Chottogram,8/8/2023,364
Khulna,8/8/2023,149
Rangpur,8/8/2023,64
Rajshahi,8/8/2023,130
Barishal,8/8/2023,316
Sylet,8/8/2023,21
Mymensingh,8/8/2023,89
Dhaka,9/8/2023,1619
Chottogram,9/8/2023,413
Khulna,9/8/2023,152
Rangpur,9/8/2023,55
Rajshahi,9/8/2023,117
Barishal,9/8/2023,256
Sylet,9/8/2023,30
Mymensingh,9/8/2023,102
Dhaka,10/8/2023,1670
Chottogram,10/8/2023,397
Khulna,10/8/2023,165
Rangpur,10/8/2023,77
Rajshahi,10/8/2023,139
Barishal,10/8/2023,405
Sylet,10/8/2023,24
Mymensingh,10/8/2023,82
Dhaka,11/8/2023,1139
Chottogram,11/8/2023,350
Khulna,11/8/2023,106
Rangpur,11/8/2023,22
Rajshahi,11/8/2023,54
Barishal,11/8/2023,268
Sylet,11/8/2023,9
Mymensingh,11/8/2023,97
Dhaka,12/8/2023,1211
Chottogram,12/8/2023,391
Khulna,12/8/2023,182
Rangpur,12/8/2023,43
Rajshahi,12/8/2023,130
Barishal,12/8/2023,386
Sylet,12/8/2023,13
Mymensingh,12/8/2023,76
Dhaka,13/8/2023,1703
Chottogram,13/8/2023,400
Khulna,13/8/2023,152
Rangpur,13/8/2023,79
Rajshahi,13/8/2023,110
Barishal,13/8/2023,350
Sylet,13/8/2023,28
Mymensingh,13/8/2023,83
Dhaka,14/8/2023,1351
Chottogram,14/8/2023,376
Khulna,14/8/2023,160
Rangpur,14/8/2023,72
Rajshahi,14/8/2023,112
Barishal,14/8/2023,301
Sylet,14/8/2023,26
Mymensingh,14/8/2023,82
Dhaka,15/8/2023,1024
Chottogram,15/8/2023,325
Khulna,15/8/2023,136
Rangpur,15/8/2023,37
Rajshahi,15/8/2023,103
Barishal,15/8/2023,273
Sylet,15/8/2023,8
Mymensingh,15/8/2023,68
Dhaka,16/8/2023,1140
Chottogram,16/8/2023,352
Khulna,16/8/2023,158
Rangpur,16/8/2023,59
Rajshahi,16/8/2023,108
Barishal,16/8/2023,238
Sylet,16/8/2023,21
Mymensingh,16/8/2023,73
Dhaka,17/8/2023,1285
Chottogram,17/8/2023,334
Khulna,17/8/2023,159
Rangpur,17/8/2023,45
Rajshahi,17/8/2023,114
Barishal,17/8/2023,260
Sylet,17/8/2023,10
Mymensingh,17/8/2023,81
Dhaka,18/8/2023,930
Chottogram,18/8/2023,212
Khulna,18/8/2023,90
Rangpur,18/8/2023,19
Rajshahi,18/8/2023,69
Barishal,18/8/2023,182
Sylet,18/8/2023,8
Mymensingh,18/8/2023,55
Dhaka,19/8/2023,1078
Chottogram,19/8/2023,291
Khulna,19/8/2023,150
Rangpur,19/8/2023,61
Rajshahi,19/8/2023,63
Barishal,19/8/2023,265
Sylet,19/8/2023,14
Mymensingh,19/8/2023,61
Dhaka,20/8/2023,1173
Chottogram,20/8/2023,341
Khulna,20/8/2023,127
Rangpur,20/8/2023,53
Rajshahi,20/8/2023,105
Barishal,20/8/2023,266
Sylet,20/8/2023,12
Mymensingh,20/8/2023,57
Dhaka,21/8/2023,1242
Chottogram,21/8/2023,322
Khulna,21/8/2023,145
Rangpur,21/8/2023,62
Rajshahi,21/8/2023,120
Barishal,21/8/2023,228
Sylet,21/8/2023,15
Mymensingh,21/8/2023,63
Dhaka,,2
Mymensingh,,2
Khulna,,5
Barishal,,2
Chattogram,,5
